id,player_name,game_id,team_name,minutes,shots,goals,key_passes,assists,xG,xA
113166,Kepa,4020,Bournemouth,90,0,0,0,0,0.00,0.00
113167,Lewis Cook,4020,Bournemouth,90,0,0,0,0,0.00,0.00
113168,Dean Huijsen,4020,Bournemouth,90,0,0,0,0,0.00,0.00
113169,Illia Zabarnyi,4020,Bournemouth,90,0,0,0,0,0.00,0.00
113170,Milos Kerkez,4020,Bournemouth,90,0,0,0,0,0.00,0.00
113171,Tyler Adams,4020,Bournemouth,90,0,0,2,2,0.00,0.53
113172,Ryan Christie,4020,Bournemouth,90,1,0,1,0,0.06,0.04
113173,David Brooks,4020,Bournemouth,83,2,0,1,0,0.08,0.27
113174,Justin Kluivert,4020,Bournemouth,90,3,1,1,1,0.25,0.61
113175,Antoine Semenyo,4020,Bournemouth,90,4,1,3,0,0.56,0.20
113176,Dango Ouattara,4020,Bournemouth,90,4,3,0,0,1.73,0.00
113177,Marcus Tavernier,4020,Bournemouth,7,2,0,1,1,0.18,0.10
113178,Daniel Jebbison,4020,Bournemouth,1,0,0,0,0,0.00,0.00
113179,Zain Silcott-Duberry,4020,Bournemouth,1,0,0,0,0,0.00,0.00
113180,Matz Sels,4020,Nottingham Forest,90,0,0,0,0,0.00,0.00
113181,Ola Aina,4020,Nottingham Forest,82,0,0,0,0,0.00,0.00
113182,Murillo,4020,Nottingham Forest,90,1,0,0,0,0.01,0.00
113183,Nikola Milenkovic,4020,Nottingham Forest,90,3,0,0,0,0.19,0.00
113184,Neco Williams,4020,Nottingham Forest,70,1,0,0,0,0.02,0.00
113185,Ryan Yates,4020,Nottingham Forest,49,1,0,0,0,0.01,0.00
113186,Elliot Anderson,4020,Nottingham Forest,90,1,0,0,0,0.01,0.00
113187,Jota Silva,4020,Nottingham Forest,69,1,0,0,0,0.06,0.00
113188,Morgan Gibbs-White,4020,Nottingham Forest,82,3,0,4,0,0.40,0.18
113189,Anthony Elanga,4020,Nottingham Forest,90,5,0,5,0,0.22,0.25
113190,Chris Wood,4020,Nottingham Forest,90,0,0,1,0,0.00,0.06
113191,Nicolás Domínguez,4020,Nottingham Forest,41,0,0,1,0,0.00,0.26
113192,Taiwo Awoniyi,4020,Nottingham Forest,8,0,0,1,0,0.00,0.02
113193,Ramón Sosa,4020,Nottingham Forest,8,1,0,0,0,0.02,0.00
113194,Álex Moreno,4020,Nottingham Forest,20,0,0,0,0,0.00,0.00
113195,Morato,4020,Nottingham Forest,21,1,0,0,0,0.05,0.00
113196,Emiliano Martinez,4021,Aston Villa,90,0,0,0,0,0.00,0.00
113197,Matthew Cash,4021,Aston Villa,90,0,0,2,0,0.00,0.13
113198,Tyrone Mings,4021,Aston Villa,37,0,0,0,0,0.00,0.00
113199,Ezri Konsa Ngoyo,4021,Aston Villa,90,0,0,0,0,0.00,0.00
113200,Lucas Digne,4021,Aston Villa,90,2,0,1,0,0.08,0.07
113201,Youri Tielemans,4021,Aston Villa,90,1,0,1,0,0.04,0.05
113202,Boubacar Kamara,4021,Aston Villa,90,1,0,0,0,0.08,0.00
113203,Leon Bailey,4021,Aston Villa,74,2,0,2,0,0.18,0.12
113204,Morgan Rogers,4021,Aston Villa,81,0,0,0,0,0.00,0.00
113205,Jacob Ramsey,4021,Aston Villa,82,1,1,2,0,0.10,0.17
113206,Ollie Watkins,4021,Aston Villa,75,2,0,2,1,0.12,0.18
113207,Emiliano Buendía,4021,Aston Villa,9,1,0,0,0,0.02,0.00
113208,Jhon Durán,4021,Aston Villa,15,2,0,0,0,0.13,0.00
113209,Ian Maatsen,4021,Aston Villa,53,1,0,1,0,0.08,0.07
113210,Donyell Malen,4021,Aston Villa,16,1,0,0,0,0.06,0.00
113211,John McGinn,4021,Aston Villa,8,0,0,0,0,0.00,0.00
113212,Alphonse Areola,4021,West Ham,90,0,0,0,0,0.00,0.00
113213,Vladimir Coufal,4021,West Ham,90,0,0,1,0,0.00,0.11
113214,Max Kilman,4021,West Ham,90,0,0,0,0,0.00,0.00
113215,Aaron Cresswell,4021,West Ham,90,0,0,1,0,0.00,0.06
113216,Aaron Wan-Bissaka,4021,West Ham,90,0,0,2,0,0.00,0.08
113217,Emerson,4021,West Ham,84,2,1,1,0,0.41,0.50
113218,Tomas Soucek,4021,West Ham,90,2,0,0,0,0.10,0.00
113219,Edson Álvarez,4021,West Ham,90,2,0,1,1,0.05,0.30
113220,Mohammed Kudus,4021,West Ham,90,1,0,1,0,0.03,0.03
113221,Carlos Soler,4021,West Ham,84,1,0,0,0,0.30,0.00
113222,Lucas Paquetá,4021,West Ham,90,3,0,0,0,0.67,0.00
113223,Guido Rodríguez,4021,West Ham,1,0,0,0,0,0.00,0.00
113224,Danny Ings,4021,West Ham,6,1,0,1,0,0.04,0.03
113225,Oliver Scarles,4021,West Ham,6,0,0,0,0,0.00,0.00
113226,Andy Irving,4021,West Ham,1,2,0,0,0,0.07,0.00
113227,Bart Verbruggen,4022,Brighton,90,0,0,0,0,0.00,0.00
113228,Joël Veltman,4022,Brighton,90,2,0,2,0,0.06,0.10
113229,Jan Paul van Hecke,4022,Brighton,90,0,0,2,0,0.00,0.08
113230,Lewis Dunk,4022,Brighton,90,0,0,0,0,0.00,0.00
113231,Tariq Lamptey,4022,Brighton,81,1,0,1,0,0.07,0.04
113232,Carlos Baleba,4022,Brighton,90,3,0,1,0,0.06,0.05
113233,Yasin Ayari,4022,Brighton,82,1,0,2,0,0.06,0.07
113234,Brajan Gruda,4022,Brighton,53,0,0,1,0,0.00,0.02
113235,João Pedro,4022,Brighton,90,3,0,0,0,0.17,0.00
113236,Kaoru Mitoma,4022,Brighton,90,2,0,0,0,0.08,0.00
113237,Danny Welbeck,4022,Brighton,90,2,0,0,0,0.07,0.00
113238,Matt O'Riley,4022,Brighton,1,1,0,0,0,0.03,0.00
113239,Georginio Rutter,4022,Brighton,37,1,0,0,0,0.05,0.00
113240,Yankuba Minteh,4022,Brighton,9,0,0,0,0,0.00,0.00
113241,Jack Hinshelwood,4022,Brighton,8,0,0,0,0,0.00,0.00
113242,Adam Webster,4022,Brighton,1,0,0,0,0,0.00,0.00
113243,Jordan Pickford,4022,Everton,90,0,0,0,0,0.00,0.00
113244,Jake O'Brien,4022,Everton,90,0,0,0,0,0.00,0.00
113245,Jarrad Branthwaite,4022,Everton,90,0,0,0,0,0.00,0.00
113246,James Tarkowski,4022,Everton,90,0,0,0,0,0.00,0.00
113247,Vitalii Mykolenko,4022,Everton,90,0,0,0,0,0.00,0.00
113248,Orel Mangala,4022,Everton,90,1,0,0,0,0.01,0.00
113249,Idrissa Gueye,4022,Everton,90,0,0,1,0,0.00,0.10
113250,Jesper Lindstrom,4022,Everton,69,0,0,0,0,0.00,0.00
113251,Abdoulaye Doucouré,4022,Everton,85,0,0,0,0,0.00,0.00
113252,Iliman Ndiaye,4022,Everton,85,1,1,0,0,0.76,0.00
113253,Dominic Calvert-Lewin,4022,Everton,12,0,0,0,0,0.00,0.00
113254,Beto,4022,Everton,78,1,0,0,0,0.10,0.00
113255,Ashley Young,4022,Everton,5,0,0,0,0,0.00,0.00
113256,James Garner,4022,Everton,5,0,0,0,0,0.00,0.00
113257,Nathan Patterson,4022,Everton,21,0,0,0,0,0.00,0.00
113258,Dean Henderson,4023,Crystal Palace,90,0,0,0,0,0.00,0.00
113259,Maxence Lacroix,4023,Crystal Palace,90,2,0,0,0,0.14,0.00
113260,Chris Richards,4023,Crystal Palace,84,1,0,1,0,0.02,0.09
113261,Marc Guehi,4023,Crystal Palace,90,0,0,0,0,0.00,0.00
113262,Daniel Muñoz,4023,Crystal Palace,90,1,0,2,1,0.02,0.59
113263,Tyrick Mitchell,4023,Crystal Palace,90,0,0,1,0,0.00,0.06
113264,Jefferson Lerma,4023,Crystal Palace,90,2,0,0,0,0.03,0.00
113265,Will Hughes,4023,Crystal Palace,83,2,0,1,0,0.03,0.02
113266,Ismaila Sarr,4023,Crystal Palace,72,0,0,0,0,0.00,0.00
113267,Eberechi Eze,4023,Crystal Palace,90,5,0,5,0,0.25,0.13
113268,Jean-Philippe Mateta,4023,Crystal Palace,90,1,0,0,0,0.07,0.00
113269,Daichi Kamada,4023,Crystal Palace,6,0,0,0,0,0.00,0.00
113270,Eddie Nketiah,4023,Crystal Palace,18,1,0,0,0,0.09,0.00
113271,Romain Esse,4023,Crystal Palace,7,1,1,0,0,0.58,0.00
113272,Mark Flekken,4023,Brentford,90,0,0,0,0,0.00,0.00
113273,Mads Roerslev,4023,Brentford,90,1,0,1,0,0.03,0.02
113274,Nathan Collins,4023,Brentford,90,0,0,2,0,0.00,0.08
113275,Sepp van den Berg,4023,Brentford,90,1,0,0,0,0.08,0.00
113276,Keane Lewis-Potter,4023,Brentford,90,1,0,0,0,0.01,0.00
113277,Christian Nørgaard,4023,Brentford,54,0,0,0,0,0.00,0.00
113278,Vitaly Janelt,4023,Brentford,90,0,0,0,0,0.00,0.00
113279,Bryan Mbeumo,4023,Brentford,90,4,1,1,0,1.52,0.02
113280,Mikkel Damsgaard,4023,Brentford,90,0,0,4,1,0.00,0.23
113281,Kevin Schade,4023,Brentford,84,3,1,1,0,0.11,0.09
113282,Yoane Wissa,4023,Brentford,90,3,0,1,0,0.16,0.65
113283,Mathias Jensen,4023,Brentford,36,0,0,0,0,0.00,0.00
113284,Ben Mee,4023,Brentford,1,0,0,0,0,0.00,0.00
113285,Yehor Yarmolyuk,4023,Brentford,6,0,0,0,0,0.00,0.00
113286,Bernd Leno,4024,Fulham,90,0,0,0,0,0.00,0.00
113287,Timothy Castagne,4024,Fulham,90,0,0,1,0,0.00,0.05
113288,Joachim Andersen,4024,Fulham,90,1,0,0,0,0.08,0.00
113289,Calvin Bassey,4024,Fulham,90,0,0,0,0,0.00,0.00
113290,Antonee Robinson,4024,Fulham,90,0,0,1,0,0.00,0.03
113291,Sander Berge,4024,Fulham,90,0,0,1,0,0.00,0.06
113292,Sasa Lukic,4024,Fulham,84,0,0,0,0,0.00,0.00
113293,Harry Wilson,4024,Fulham,54,0,0,0,0,0.00,0.00
113294,Emile Smith-Rowe,4024,Fulham,83,1,0,1,0,0.10,0.07
113295,Alex Iwobi,4024,Fulham,90,2,0,1,0,0.11,0.04
113296,Raúl Jiménez,4024,Fulham,65,2,0,1,0,0.07,0.05
113297,Andreas Pereira,4024,Fulham,7,0,0,1,0,0.00,0.08
113298,Rodrigo Muniz,4024,Fulham,25,2,0,0,0,0.13,0.00
113299,Adama Traoré,4024,Fulham,36,1,0,0,0,0.07,0.00
113300,Tom Cairney,4024,Fulham,6,0,0,0,0,0.00,0.00
113301,André Onana,4024,Manchester United,90,0,0,0,0,0.00,0.00
113302,Lisandro Martínez,4024,Manchester United,90,1,1,0,0,0.02,0.00
113303,Matthijs de Ligt,4024,Manchester United,59,1,0,0,0,0.10,0.00
113304,Harry Maguire,4024,Manchester United,90,0,0,0,0,0.00,0.00
113305,Diogo Dalot,4024,Manchester United,90,0,0,0,0,0.00,0.00
113306,Noussair Mazraoui,4024,Manchester United,82,0,0,0,0,0.00,0.00
113307,Bruno Fernandes,4024,Manchester United,90,2,0,1,0,0.09,0.10
113308,Manuel Ugarte,4024,Manchester United,77,0,0,0,0,0.00,0.00
113309,Alejandro Garnacho,4024,Manchester United,82,0,0,0,0,0.00,0.00
113310,Amad Diallo Traore,4024,Manchester United,90,0,0,0,0,0.00,0.00
113311,Rasmus Højlund,4024,Manchester United,59,0,0,0,0,0.00,0.00
113312,Leny Yoro,4024,Manchester United,31,0,0,0,0,0.00,0.00
113313,Joshua Zirkzee,4024,Manchester United,31,0,0,0,0,0.00,0.00
113314,Tyrell Malacia,4024,Manchester United,8,0,0,0,0,0.00,0.00
113315,Kobbie Mainoo,4024,Manchester United,8,0,0,0,0,0.00,0.00
113316,Toby Collyer,4024,Manchester United,13,0,0,0,0,0.00,0.00
113317,Alisson,4025,Liverpool,90,0,0,0,0,0.00,0.00
113318,Trent Alexander-Arnold,4025,Liverpool,90,2,0,1,1,0.10,0.53
113319,Ibrahima Konaté,4025,Liverpool,90,0,0,2,1,0.00,0.12
113320,Virgil van Dijk,4025,Liverpool,90,2,0,0,0,0.03,0.00
113321,Andrew Robertson,4025,Liverpool,90,0,0,2,0,0.00,0.04
113322,Alexis Mac Allister,4025,Liverpool,87,1,0,3,0,0.03,0.19
113323,Ryan Gravenberch,4025,Liverpool,75,0,0,1,0,0.00,0.14
113324,Mohamed Salah,4025,Liverpool,90,3,1,1,0,0.41,0.08
113325,Dominik Szoboszlai,4025,Liverpool,75,4,1,1,0,0.30,0.03
113326,Cody Gakpo,4025,Liverpool,75,3,2,1,1,1.31,0.31
113327,Luis Díaz,4025,Liverpool,90,0,0,0,0,0.00,0.00
113328,Federico Chiesa,4025,Liverpool,1,0,0,0,0,0.00,0.00
113329,Wataru Endo,4025,Liverpool,15,0,0,0,0,0.00,0.00
113330,Darwin Núñez,4025,Liverpool,15,0,0,0,0,0.00,0.00
113331,Harvey Elliott,4025,Liverpool,15,1,0,0,0,0.09,0.00
113332,Jayden Danns,4025,Liverpool,3,0,0,0,0,0.00,0.00
113333,Christian Walton,4025,Ipswich,90,0,0,0,0,0.00,0.00
113334,Axel Tuanzebe,4025,Ipswich,90,0,0,0,0,0.00,0.00
113335,Dara O'Shea,4025,Ipswich,90,0,0,0,0,0.00,0.00
113336,Jacob Greaves,4025,Ipswich,90,1,1,0,0,0.50,0.00
113337,Leif Davis,4025,Ipswich,53,0,0,0,0,0.00,0.00
113338,Sam Morsy,4025,Ipswich,90,0,0,0,0,0.00,0.00
113339,Kalvin Phillips,4025,Ipswich,90,0,0,0,0,0.00,0.00
113340,Wes Burns,4025,Ipswich,28,0,0,0,0,0.00,0.00
113341,Omari Hutchinson,4025,Ipswich,86,1,0,0,0,0.02,0.00
113342,Jaden Philogene-Bidace,4025,Ipswich,86,0,0,0,0,0.00,0.00
113343,Liam Delap,4025,Ipswich,86,0,0,0,0,0.00,0.00
113344,Julio Enciso,4025,Ipswich,4,0,0,1,1,0.00,0.50
113345,Conor Townsend,4025,Ipswich,37,0,0,1,0,0.00,0.29
113346,George Hirst,4025,Ipswich,4,1,0,0,0,0.29,0.00
113347,Ben Johnson,4025,Ipswich,62,0,0,0,0,0.00,0.00
113348,Nathan Broadhead,4025,Ipswich,4,0,0,0,0,0.00,0.00
113349,Ederson,4026,Manchester City,90,0,0,1,1,0.00,0.26
113350,Matheus Nunes,4026,Manchester City,90,1,0,2,1,0.28,0.53
113351,Manuel Akanji,4026,Manchester City,90,0,0,0,0,0.00,0.00
113352,Abduqodir Khusanov,4026,Manchester City,56,1,0,0,0,0.02,0.00
113353,Josko Gvardiol,4026,Manchester City,90,3,1,0,0,0.82,0.00
113354,Mateo Kovacic,4026,Manchester City,90,1,0,2,0,0.07,0.31
113355,Ilkay Gündogan,4026,Manchester City,90,1,0,1,0,0.03,0.28
113356,Bernardo Silva,4026,Manchester City,90,0,0,1,0,0.00,0.02
113357,Phil Foden,4026,Manchester City,90,3,1,0,0,0.58,0.00
113358,Erling Haaland,4026,Manchester City,90,3,1,3,1,0.44,0.52
113359,Omar Marmoush,4026,Manchester City,76,2,0,1,0,0.12,0.18
113360,Kevin De Bruyne,4026,Manchester City,14,0,0,0,0,0.00,0.00
113361,John Stones,4026,Manchester City,34,0,0,0,0,0.00,0.00
113362,Robert Sánchez,4026,Chelsea,90,0,0,0,0,0.00,0.00
113363,Reece James,4026,Chelsea,75,1,0,0,0,0.02,0.00
113364,Trevoh Chalobah,4026,Chelsea,90,0,0,0,0,0.00,0.00
113365,Levi Colwill,4026,Chelsea,90,1,0,0,0,0.40,0.00
113366,Marc Cucurella,4026,Chelsea,90,1,0,1,0,0.07,0.14
113367,Enzo Fernández,4026,Chelsea,90,1,0,2,0,0.05,0.11
113368,Moisés Caicedo,4026,Chelsea,90,0,0,0,0,0.00,0.00
113369,Noni Madueke,4026,Chelsea,90,2,1,1,0,0.58,0.04
113370,Cole Palmer,4026,Chelsea,90,1,0,1,0,0.04,0.02
113371,Jadon Sancho,4026,Chelsea,75,1,0,1,0,0.15,0.07
113372,Nicolas Jackson,4026,Chelsea,63,2,0,2,1,0.19,0.67
113373,Christopher Nkunku,4026,Chelsea,27,0,0,0,0,0.00,0.00
113374,Malo Gusto,4026,Chelsea,15,0,0,0,0,0.00,0.00
113375,Pedro Neto,4026,Chelsea,15,0,0,0,0,0.00,0.00
113376,Alex McCarthy,4027,Southampton,90,0,0,0,0,0.00,0.00
113377,Jan Bednarek,4027,Southampton,90,1,1,0,0,0.37,0.00
113378,James Bree,4027,Southampton,90,1,0,2,1,0.02,0.38
113379,Taylor Harwood-Bellis,4027,Southampton,90,2,0,1,0,0.13,0.03
113380,Kyle Walker-Peters,4027,Southampton,90,1,0,2,0,0.02,0.08
113381,Chimuanya Ugochukwu,4027,Southampton,82,1,0,0,0,0.01,0.00
113382,Joe Ayodele-Aribo,4027,Southampton,90,0,0,0,0,0.00,0.00
113383,Ryan Manning,4027,Southampton,63,0,0,2,0,0.00,0.03
113384,Mateus Fernandes,4027,Southampton,90,3,0,1,0,0.14,0.04
113385,Paul Onuachu,4027,Southampton,90,0,0,2,0,0.00,0.12
113386,Adam Armstrong,4027,Southampton,63,2,0,0,0,0.08,0.00
113387,William Smallbone,4027,Southampton,8,0,0,0,0,0.00,0.00
113388,Yukinari Sugawara,4027,Southampton,27,0,0,0,0,0.00,0.00
113389,Adam Lallana,4027,Southampton,1,0,0,0,0,0.00,0.00
113390,Cameron Archer,4027,Southampton,27,1,0,0,0,0.06,0.00
113391,Ryan Fraser,4027,Southampton,1,0,0,0,0,0.00,0.00
113392,Martin Dubravka,4027,Newcastle United,90,0,0,0,0,0.00,0.00
113393,Valentino Livramento,4027,Newcastle United,90,1,0,2,0,0.02,0.29
113394,Fabian Schär,4027,Newcastle United,90,1,0,1,0,0.27,0.12
113395,Dan Burn,4027,Newcastle United,90,1,0,1,0,0.27,0.03
113396,Lewis Hall,4027,Newcastle United,90,1,0,0,0,0.03,0.00
113397,Joelinton,4027,Newcastle United,90,2,0,0,0,0.53,0.00
113398,Bruno Guimarães,4027,Newcastle United,82,0,0,2,0,0.00,0.34
113399,Sandro Tonali,4027,Newcastle United,90,1,1,0,0,0.38,0.00
113400,Jacob Murphy,4027,Newcastle United,90,2,0,4,1,0.07,0.54
113401,Alexander Isak,4027,Newcastle United,83,4,2,1,0,1.31,0.05
113402,Anthony Gordon,4027,Newcastle United,90,2,0,1,1,0.07,0.38
113403,Miguel Almirón,4027,Newcastle United,1,1,0,1,0,0.12,0.03
113404,Joe Willock,4027,Newcastle United,7,1,0,1,0,0.03,0.03
113405,Sean Longstaff,4027,Newcastle United,1,0,0,0,0,0.00,0.00
113406,Lewis Miley,4027,Newcastle United,8,0,0,0,0,0.00,0.00
113407,Antonín Kinsky,4028,Tottenham,90,0,0,1,0,0.00,0.22
113408,Pedro Porro,4028,Tottenham,90,5,0,2,1,0.21,0.60
113409,Radu Dragusin,4028,Tottenham,90,1,0,2,0,0.01,0.17
113410,Ben Davies,4028,Tottenham,90,1,0,0,0,0.12,0.00
113411,Archie Gray,4028,Tottenham,90,0,0,0,0,0.00,0.00
113412,Pape Sarr,4028,Tottenham,55,1,0,0,0,0.02,0.00
113413,Lucas Bergvall,4028,Tottenham,90,0,0,2,0,0.00,0.06
113414,Rodrigo Bentancur,4028,Tottenham,90,2,0,0,0,0.04,0.00
113415,Dejan Kulusevski,4028,Tottenham,90,1,0,1,0,0.22,0.05
113416,Richarlison,4028,Tottenham,55,1,1,0,0,0.59,0.00
113417,Son Heung-Min,4028,Tottenham,90,1,0,2,0,0.03,0.06
113418,Sergio Reguilón,4028,Tottenham,35,0,0,0,0,0.00,0.00
113419,Mikey Moore,4028,Tottenham,35,1,0,0,0,0.04,0.00
113420,Will Lankshear,4028,Tottenham,1,0,0,0,0,0.00,0.00
113421,Jakub Stolarczyk,4028,Leicester,90,0,0,0,0,0.00,0.00
113422,James Justin,4028,Leicester,90,2,0,0,0,0.09,0.00
113423,Wout Faes,4028,Leicester,90,1,0,0,0,0.06,0.00
113424,Jannik Vestergaard,4028,Leicester,90,0,0,1,0,0.00,0.02
113425,Victor Kristiansen,4028,Leicester,90,0,0,1,0,0.00,0.05
113426,Boubakary Soumare,4028,Leicester,90,1,0,1,0,0.02,0.06
113427,Harry Winks,4028,Leicester,90,0,0,1,0,0.00,0.07
113428,Jordan Ayew,4028,Leicester,88,2,0,1,0,0.09,0.13
113429,Bilal El Khannouss,4028,Leicester,78,3,1,0,0,0.06,0.00
113430,Bobby Reid,4028,Leicester,87,0,0,4,2,0.00,0.96
113431,Jamie Vardy,4028,Leicester,78,3,1,0,0,1.09,0.00
113432,Facundo Buonanotte,4028,Leicester,12,0,0,0,0,0.00,0.00
113433,Woyo Coulibaly,4028,Leicester,1,0,0,0,0,0.00,0.00
113434,Patson Daka,4028,Leicester,12,0,0,0,0,0.00,0.00
113435,Oliver Skipp,4028,Leicester,3,0,0,0,0,0.00,0.00
113436,Conor Coady,4028,Leicester,2,0,0,0,0,0.00,0.00
113437,José Sá,4029,Wolverhampton Wanderers,90,0,0,1,0,0.00,0.02
113438,Matt Doherty,4029,Wolverhampton Wanderers,90,0,0,2,0,0.00,0.04
113439,Santiago Bueno,4029,Wolverhampton Wanderers,90,0,0,0,0,0.00,0.00
113440,Emmanuel Agbadou,4029,Wolverhampton Wanderers,90,1,0,0,0,0.01,0.00
113441,Nélson Semedo,4029,Wolverhampton Wanderers,90,0,0,2,0,0.00,0.29
113442,Rayan Ait Nouri,4029,Wolverhampton Wanderers,90,1,0,0,0,0.02,0.00
113443,André,4029,Wolverhampton Wanderers,90,0,0,0,0,0.00,0.00
113444,João Gomes,4029,Wolverhampton Wanderers,77,0,0,0,0,0.00,0.00
113445,Matheus Cunha,4029,Wolverhampton Wanderers,90,4,0,1,0,0.16,0.03
113446,Pablo Sarabia,4029,Wolverhampton Wanderers,82,2,0,0,0,0.29,0.00
113447,Jørgen Strand Larsen,4029,Wolverhampton Wanderers,31,0,0,0,0,0.00,0.00
113448,Jean-Ricner Bellegarde,4029,Wolverhampton Wanderers,8,0,0,0,0,0.00,0.00
113449,Rodrigo Gomes,4029,Wolverhampton Wanderers,1,0,0,0,0,0.00,0.00
113450,Gonçalo Guedes,4029,Wolverhampton Wanderers,1,0,0,0,0,0.00,0.00
113451,Hee-Chan Hwang,4029,Wolverhampton Wanderers,59,1,0,1,0,0.03,0.01
113452,Tommy Doyle,4029,Wolverhampton Wanderers,1,0,0,0,0,0.00,0.00
113453,David Raya,4029,Arsenal,90,0,0,0,0,0.00,0.00
113454,Jurriën Timber,4029,Arsenal,90,0,0,0,0,0.00,0.00
113455,Gabriel,4029,Arsenal,90,1,0,1,0,0.09,0.04
113456,William Saliba,4029,Arsenal,90,0,0,0,0,0.00,0.00
113457,Myles Lewis-Skelly,4029,Arsenal,42,0,0,0,0,0.00,0.00
113458,Thomas Partey,4029,Arsenal,90,1,0,0,0,0.02,0.00
113459,Ethan Nwaneri,4029,Arsenal,53,2,0,0,0,0.20,0.00
113460,Declan Rice,4029,Arsenal,90,1,0,3,0,0.05,0.24
113461,Gabriel Martinelli,4029,Arsenal,90,0,0,1,0,0.00,0.05
113462,Kai Havertz,4029,Arsenal,90,3,0,0,0,0.48,0.00
113463,Leandro Trossard,4029,Arsenal,90,0,0,2,0,0.00,0.35
113464,Riccardo Calafiori,4029,Arsenal,37,1,1,0,0,0.06,0.00
113465,Kieran Tierney,4029,Arsenal,1,0,0,0,0,0.00,0.00
113466,Kepa,4030,Bournemouth,90,0,0,0,0,0.00,0.00
113467,Lewis Cook,4030,Bournemouth,90,0,0,0,0,0.00,0.00
113468,Dean Huijsen,4030,Bournemouth,90,1,0,0,0,0.01,0.00
113469,Illia Zabarnyi,4030,Bournemouth,90,0,0,1,0,0.00,0.03
113470,Milos Kerkez,4030,Bournemouth,90,0,0,0,0,0.00,0.00
113471,Tyler Adams,4030,Bournemouth,90,0,0,0,0,0.00,0.00
113472,Ryan Christie,4030,Bournemouth,85,1,0,2,0,0.02,0.38
113473,David Brooks,4030,Bournemouth,71,0,0,1,0,0.00,0.30
113474,Justin Kluivert,4030,Bournemouth,90,3,0,2,0,0.50,0.10
113475,Antoine Semenyo,4030,Bournemouth,90,6,0,0,0,0.80,0.00
113476,Dango Ouattara,4030,Bournemouth,90,1,0,2,0,0.30,0.31
113477,Daniel Jebbison,4030,Bournemouth,5,0,0,0,0,0.00,0.00
113478,Marcus Tavernier,4030,Bournemouth,19,2,0,0,0,0.04,0.00
113479,Alisson,4030,Liverpool,90,0,0,0,0,0.00,0.00
113480,Trent Alexander-Arnold,4030,Liverpool,75,3,0,1,0,0.13,0.06
113481,Ibrahima Konaté,4030,Liverpool,90,0,0,0,0,0.00,0.00
113482,Virgil van Dijk,4030,Liverpool,90,0,0,0,0,0.00,0.00
113483,Andrew Robertson,4030,Liverpool,90,0,0,1,0,0.00,0.56
113484,Alexis Mac Allister,4030,Liverpool,66,2,0,1,0,0.15,0.02
113485,Ryan Gravenberch,4030,Liverpool,90,1,0,2,0,0.06,0.06
113486,Mohamed Salah,4030,Liverpool,90,4,2,2,0,0.87,0.20
113487,Dominik Szoboszlai,4030,Liverpool,90,3,0,3,0,0.22,0.54
113488,Cody Gakpo,4030,Liverpool,75,1,0,1,0,0.01,0.08
113489,Luis Díaz,4030,Liverpool,90,2,0,1,0,0.68,0.08
113490,Wataru Endo,4030,Liverpool,1,0,0,0,0,0.00,0.00
113491,Darwin Núñez,4030,Liverpool,15,0,0,0,0,0.00,0.00
113492,Curtis Jones,4030,Liverpool,24,2,0,2,1,0.57,0.08
113493,Conor Bradley,4030,Liverpool,15,1,0,0,0,0.04,0.00
113494,David Raya,4031,Arsenal,90,0,0,0,0,0.00,0.00
113495,Jurriën Timber,4031,Arsenal,90,1,0,0,0,0.02,0.00
113496,Gabriel,4031,Arsenal,90,1,0,0,0,0.08,0.00
113497,William Saliba,4031,Arsenal,90,0,0,0,0,0.00,0.00
113498,Myles Lewis-Skelly,4031,Arsenal,90,1,1,0,0,0.09,0.00
113499,Thomas Partey,4031,Arsenal,90,1,1,1,0,0.04,0.09
113500,Martin Odegaard,4031,Arsenal,85,2,1,0,0,0.45,0.00
113501,Declan Rice,4031,Arsenal,90,0,0,4,2,0.00,0.70
113502,Gabriel Martinelli,4031,Arsenal,90,1,0,2,1,0.15,0.15
113503,Kai Havertz,4031,Arsenal,90,4,1,1,1,0.65,0.43
113504,Leandro Trossard,4031,Arsenal,85,0,0,0,0,0.00,0.00
113505,Riccardo Calafiori,4031,Arsenal,1,0,0,0,0,0.00,0.00
113506,Mikel Merino,4031,Arsenal,5,0,0,0,0,0.00,0.00
113507,Raheem Sterling,4031,Arsenal,1,0,0,0,0,0.00,0.00
113508,Ethan Nwaneri,4031,Arsenal,5,1,1,1,0,0.05,0.02
113509,Stefan Ortega Moreno,4031,Manchester City,90,0,0,0,0,0.00,0.00
113510,Matheus Nunes,4031,Manchester City,90,0,0,0,0,0.00,0.00
113511,Manuel Akanji,4031,Manchester City,90,1,0,0,0,0.07,0.00
113512,John Stones,4031,Manchester City,90,0,0,0,0,0.00,0.00
113513,Josko Gvardiol,4031,Manchester City,90,1,0,0,0,0.07,0.00
113514,Mateo Kovacic,4031,Manchester City,90,1,0,0,0,0.04,0.00
113515,Bernardo Silva,4031,Manchester City,90,0,0,0,0,0.00,0.00
113516,Phil Foden,4031,Manchester City,73,0,0,0,0,0.00,0.00
113517,Omar Marmoush,4031,Manchester City,73,1,0,3,0,0.02,0.20
113518,Sávio,4031,Manchester City,90,2,0,2,1,0.10,0.45
113519,Erling Haaland,4031,Manchester City,90,1,1,0,0,0.43,0.00
113520,Kevin De Bruyne,4031,Manchester City,17,0,0,0,0,0.00,0.00
113521,James McAtee,4031,Manchester City,17,0,0,0,0,0.00,0.00
113522,Hákon Valdimarsson,4032,Brentford,90,0,0,0,0,0.00,0.00
113523,Kristoffer Ajer,4032,Brentford,78,1,0,1,0,0.06,0.07
113524,Nathan Collins,4032,Brentford,90,0,0,0,0,0.00,0.00
113525,Sepp van den Berg,4032,Brentford,90,1,0,0,0,0.03,0.00
113526,Keane Lewis-Potter,4032,Brentford,90,2,0,0,0,0.04,0.00
113527,Christian Nørgaard,4032,Brentford,86,1,0,0,0,0.07,0.00
113528,Vitaly Janelt,4032,Brentford,68,0,0,1,0,0.00,0.05
113529,Bryan Mbeumo,4032,Brentford,90,4,0,1,0,0.22,0.13
113530,Mikkel Damsgaard,4032,Brentford,90,2,0,4,0,0.11,0.35
113531,Kevin Schade,4032,Brentford,90,4,0,2,0,0.33,0.51
113532,Yoane Wissa,4032,Brentford,90,3,0,0,0,0.68,0.00
113533,Mathias Jensen,4032,Brentford,22,1,0,0,0,0.01,0.00
113534,Fabio Carvalho,4032,Brentford,4,1,0,0,0,0.11,0.00
113535,Michael Kayode,4032,Brentford,12,0,0,2,0,0.00,0.12
113536,Antonín Kinsky,4032,Tottenham,90,0,0,0,0,0.00,0.00
113537,Pedro Porro,4032,Tottenham,90,1,0,0,0,0.02,0.00
113538,Archie Gray,4032,Tottenham,90,0,0,0,0,0.00,0.00
113539,Ben Davies,4032,Tottenham,90,0,0,0,0,0.00,0.00
113540,Djed Spence,4032,Tottenham,90,1,0,2,0,0.02,0.17
113541,Yves Bissouma,4032,Tottenham,70,2,0,1,0,0.06,0.02
113542,Rodrigo Bentancur,4032,Tottenham,90,0,0,3,0,0.00,0.14
113543,Mikey Moore,4032,Tottenham,48,0,0,2,0,0.00,0.12
113544,Dejan Kulusevski,4032,Tottenham,90,4,0,1,0,0.27,0.06
113545,Son Heung-Min,4032,Tottenham,90,2,0,2,1,0.08,0.34
113546,Richarlison,4032,Tottenham,81,1,0,1,0,0.11,0.05
113547,Pape Sarr,4032,Tottenham,20,1,1,0,0,0.33,0.00
113548,Lucas Bergvall,4032,Tottenham,42,1,0,0,0,0.06,0.00
113549,Dane Scarlett,4032,Tottenham,9,0,0,0,0,0.00,0.00
113550,Filip Jorgensen,4033,Chelsea,90,0,0,0,0,0.00,0.00
113551,Reece James,4033,Chelsea,64,0,0,3,0,0.00,0.13
113552,Tosin Adarabioyo,4033,Chelsea,90,3,0,0,0,0.12,0.00
113553,Levi Colwill,4033,Chelsea,90,1,0,1,0,0.02,0.03
113554,Marc Cucurella,4033,Chelsea,90,1,0,2,0,0.07,0.14
113555,Enzo Fernández,4033,Chelsea,90,2,0,0,0,0.31,0.00
113556,Moisés Caicedo,4033,Chelsea,90,0,0,1,0,0.00,0.07
113557,Noni Madueke,4033,Chelsea,64,1,0,3,0,0.06,0.34
113558,Cole Palmer,4033,Chelsea,90,7,0,3,0,0.28,0.12
113559,Jadon Sancho,4033,Chelsea,55,2,0,0,0,0.13,0.00
113560,Nicolas Jackson,4033,Chelsea,55,2,0,2,0,0.06,0.09
113561,Malo Gusto,4033,Chelsea,26,0,0,1,0,0.00,0.02
113562,Christopher Nkunku,4033,Chelsea,26,0,0,0,0,0.00,0.00
113563,Pedro Neto,4033,Chelsea,35,3,1,0,0,0.36,0.00
113564,Trevoh Chalobah,4033,Chelsea,1,0,0,0,0,0.00,0.00
113565,Marc Guiu,4033,Chelsea,35,0,0,1,0,0.00,0.04
113566,Alphonse Areola,4033,West Ham,90,0,0,0,0,0.00,0.00
113567,Vladimir Coufal,4033,West Ham,75,0,0,0,0,0.00,0.00
113568,Max Kilman,4033,West Ham,90,0,0,1,0,0.00,0.06
113569,Aaron Cresswell,4033,West Ham,90,2,0,1,0,0.04,0.06
113570,Aaron Wan-Bissaka,4033,West Ham,90,0,0,0,0,0.00,0.00
113571,Emerson,4033,West Ham,74,1,0,0,0,0.08,0.00
113572,Tomas Soucek,4033,West Ham,90,0,0,0,0,0.00,0.00
113573,Andy Irving,4033,West Ham,80,1,0,1,0,0.01,0.28
113574,Mohammed Kudus,4033,West Ham,90,4,0,0,0,0.55,0.00
113575,Carlos Soler,4033,West Ham,80,0,0,1,0,0.00,0.09
113576,Jarrod Bowen,4033,West Ham,90,3,1,2,0,0.46,0.21
113577,Luis Guilherme,4033,West Ham,1,0,0,1,0,0.00,0.02
113578,Konstantinos Mavropanos,4033,West Ham,15,2,0,0,0,0.03,0.00
113579,Danny Ings,4033,West Ham,10,1,0,0,0,0.01,0.00
113580,Oliver Scarles,4033,West Ham,16,0,0,0,0,0.00,0.00
113581,Lewis Orford,4033,West Ham,10,0,0,0,0,0.00,0.00
113582,Jordan Pickford,4034,Everton,90,0,0,1,1,0.00,0.24
113583,Jake O'Brien,4034,Everton,90,0,0,0,0,0.00,0.00
113584,James Tarkowski,4034,Everton,90,1,0,1,1,0.03,0.32
113585,Jarrad Branthwaite,4034,Everton,90,1,0,0,0,0.52,0.00
113586,Vitalii Mykolenko,4034,Everton,90,0,0,1,0,0.00,0.60
113587,Idrissa Gueye,4034,Everton,90,1,0,1,0,0.02,0.08
113588,James Garner,4034,Everton,88,1,0,3,1,0.09,0.73
113589,Jesper Lindstrom,4034,Everton,81,1,0,0,0,0.43,0.00
113590,Abdoulaye Doucouré,4034,Everton,90,3,1,2,0,0.91,0.45
113591,Iliman Ndiaye,4034,Everton,90,2,1,2,0,0.59,0.16
113592,Beto,4034,Everton,90,2,2,0,0,0.50,0.00
113593,Ashley Young,4034,Everton,9,0,0,0,0,0.00,0.00
113594,Jack Harrison,4034,Everton,1,1,0,0,0,0.03,0.00
113595,Tim Iroegbunam,4034,Everton,2,0,0,0,0,0.00,0.00
113596,Nathan Patterson,4034,Everton,1,0,0,0,0,0.00,0.00
113597,Mads Hermansen,4034,Leicester,90,0,0,0,0,0.00,0.00
113598,James Justin,4034,Leicester,82,1,0,1,0,0.08,0.00
113599,Wout Faes,4034,Leicester,90,1,0,0,0,0.10,0.00
113600,Jannik Vestergaard,4034,Leicester,66,0,0,0,0,0.00,0.00
113601,Victor Kristiansen,4034,Leicester,90,1,0,0,0,0.06,0.00
113602,Boubakary Soumare,4034,Leicester,90,0,0,2,0,0.00,0.08
113603,Harry Winks,4034,Leicester,90,0,0,0,0,0.00,0.00
113604,Jordan Ayew,4034,Leicester,90,2,0,2,0,0.07,0.12
113605,Bilal El Khannouss,4034,Leicester,90,2,0,0,0,0.08,0.00
113606,Bobby Reid,4034,Leicester,82,0,0,1,0,0.00,0.05
113607,Jamie Vardy,4034,Leicester,66,0,0,0,0,0.00,0.00
113608,Woyo Coulibaly,4034,Leicester,8,0,0,0,0,0.00,0.00
113609,Caleb Okoli,4034,Leicester,24,0,0,0,0,0.00,0.00
113610,Patson Daka,4034,Leicester,24,1,0,0,0,0.05,0.00
113611,Stephy Mavididi,4034,Leicester,8,1,0,0,0,0.02,0.00
113612,Arijanet Muric,4035,Ipswich,90,0,0,0,0,0.00,0.00
113613,Axel Tuanzebe,4035,Ipswich,90,0,0,0,0,0.00,0.00
113614,Dara O'Shea,4035,Ipswich,90,0,0,0,0,0.00,0.00
113615,Jacob Greaves,4035,Ipswich,90,0,0,2,0,0.00,0.08
113616,Leif Davis,4035,Ipswich,90,1,0,2,0,0.06,0.05
113617,Sam Morsy,4035,Ipswich,90,0,0,1,0,0.00,0.10
113618,Jens Cajuste,4035,Ipswich,80,1,0,1,0,0.03,0.03
113619,Omari Hutchinson,4035,Ipswich,90,1,0,1,0,0.10,0.07
113620,Julio Enciso,4035,Ipswich,90,6,0,0,0,0.28,0.00
113621,Nathan Broadhead,4035,Ipswich,66,2,0,1,0,0.70,0.10
113622,Liam Delap,4035,Ipswich,90,4,1,1,0,0.78,0.45
113623,Jaden Philogene-Bidace,4035,Ipswich,24,0,0,0,0,0.00,0.00
113624,Jack Clarke,4035,Ipswich,1,0,0,0,0,0.00,0.00
113625,George Hirst,4035,Ipswich,1,0,0,0,0,0.00,0.00
113626,Jack Taylor,4035,Ipswich,10,0,0,0,0,0.00,0.00
113627,Aaron Ramsdale,4035,Southampton,90,0,0,0,0,0.00,0.00
113628,Jan Bednarek,4035,Southampton,90,1,0,0,0,0.09,0.00
113629,James Bree,4035,Southampton,90,1,0,0,0,0.03,0.00
113630,Taylor Harwood-Bellis,4035,Southampton,49,0,0,0,0,0.00,0.00
113631,Kyle Walker-Peters,4035,Southampton,90,0,0,1,0,0.00,0.04
113632,Welington,4035,Southampton,84,0,0,2,0,0.00,0.04
113633,Chimuanya Ugochukwu,4035,Southampton,84,0,0,0,0,0.00,0.00
113634,Joe Ayodele-Aribo,4035,Southampton,90,2,1,0,0,0.23,0.00
113635,Albert Grønbæk,4035,Southampton,73,2,0,0,0,0.06,0.00
113636,Mateus Fernandes,4035,Southampton,90,0,0,2,0,0.00,0.12
113637,Paul Onuachu,4035,Southampton,90,2,1,0,0,0.77,0.00
113638,Kamaldeen Sulemana,4035,Southampton,17,1,0,0,0,0.04,0.00
113639,William Smallbone,4035,Southampton,31,0,0,0,0,0.00,0.00
113640,Yukinari Sugawara,4035,Southampton,6,0,0,0,0,0.00,0.00
113641,Adam Lallana,4035,Southampton,6,0,0,0,0,0.00,0.00
113642,Jack Stephens,4035,Southampton,10,0,0,0,0,0.00,0.00
113643,André Onana,4036,Manchester United,90,0,0,0,0,0.00,0.00
113644,Lisandro Martínez,4036,Manchester United,83,2,0,0,0,0.12,0.00
113645,Leny Yoro,4036,Manchester United,90,1,0,0,0,0.07,0.00
113646,Harry Maguire,4036,Manchester United,90,1,0,1,0,0.08,0.08
113647,Noussair Mazraoui,4036,Manchester United,71,1,0,0,0,0.02,0.00
113648,Diogo Dalot,4036,Manchester United,90,3,0,1,0,0.22,0.09
113649,Bruno Fernandes,4036,Manchester United,90,2,0,2,0,0.12,0.15
113650,Manuel Ugarte,4036,Manchester United,88,1,0,0,0,0.08,0.00
113651,Amad Diallo Traore,4036,Manchester United,90,1,0,6,0,0.08,0.40
113652,Kobbie Mainoo,4036,Manchester United,71,1,0,1,0,0.07,0.52
113653,Alejandro Garnacho,4036,Manchester United,90,3,0,1,0,0.55,0.07
113654,Rasmus Højlund,4036,Manchester United,19,1,0,0,0,0.09,0.00
113655,Christian Eriksen,4036,Manchester United,2,0,0,0,0,0.00,0.00
113656,Matthijs de Ligt,4036,Manchester United,7,0,0,0,0,0.00,0.00
113657,Joshua Zirkzee,4036,Manchester United,19,0,0,0,0,0.00,0.00
113658,Dean Henderson,4036,Crystal Palace,90,0,0,0,0,0.00,0.00
113659,Maxence Lacroix,4036,Crystal Palace,90,2,0,0,0,0.03,0.00
113660,Chris Richards,4036,Crystal Palace,90,0,0,0,0,0.00,0.00
113661,Marc Guehi,4036,Crystal Palace,90,0,0,0,0,0.00,0.00
113662,Daniel Muñoz,4036,Crystal Palace,90,1,0,1,1,0.06,0.61
113663,Tyrick Mitchell,4036,Crystal Palace,89,2,0,4,0,0.09,0.54
113664,Jefferson Lerma,4036,Crystal Palace,90,2,0,1,0,0.04,0.35
113665,Will Hughes,4036,Crystal Palace,89,0,0,0,0,0.00,0.00
113666,Daichi Kamada,4036,Crystal Palace,62,0,0,1,0,0.00,0.04
113667,Ismaila Sarr,4036,Crystal Palace,90,1,0,0,0,0.44,0.00
113668,Jean-Philippe Mateta,4036,Crystal Palace,90,3,2,1,0,1.81,0.05
113669,Eberechi Eze,4036,Crystal Palace,28,0,0,1,0,0.00,0.02
113670,Nathaniel Clyne,4036,Crystal Palace,1,0,0,0,0,0.00,0.00
113671,Adam Wharton,4036,Crystal Palace,1,0,0,0,0,0.00,0.00
113672,Justin Devenny,4036,Crystal Palace,1,0,0,0,0,0.00,0.00
113673,Martin Dubravka,4037,Newcastle United,90,0,0,0,0,0.00,0.00
113674,Valentino Livramento,4037,Newcastle United,67,1,0,0,0,0.08,0.00
113675,Fabian Schär,4037,Newcastle United,90,1,0,0,0,0.44,0.00
113676,Dan Burn,4037,Newcastle United,90,1,0,0,0,0.05,0.00
113677,Lewis Hall,4037,Newcastle United,90,0,0,1,0,0.00,0.05
113678,Joelinton,4037,Newcastle United,67,0,0,1,0,0.00,0.03
113679,Bruno Guimarães,4037,Newcastle United,90,1,0,1,0,0.06,0.44
113680,Sandro Tonali,4037,Newcastle United,90,1,0,0,0,0.01,0.00
113681,Jacob Murphy,4037,Newcastle United,90,2,1,0,0,0.40,0.00
113682,Alexander Isak,4037,Newcastle United,90,1,0,2,0,0.05,0.08
113683,Anthony Gordon,4037,Newcastle United,90,2,0,3,0,0.07,0.17
113684,William Osula,4037,Newcastle United,1,0,0,0,0,0.00,0.00
113685,Kieran Trippier,4037,Newcastle United,23,0,0,0,0,0.00,0.00
113686,Lloyd Kelly,4037,Newcastle United,1,1,0,0,0,0.06,0.00
113687,Joe Willock,4037,Newcastle United,23,0,0,2,0,0.00,0.08
113688,Lewis Miley,4037,Newcastle United,1,0,0,0,0,0.00,0.00
113689,Bernd Leno,4037,Fulham,90,0,0,1,0,0.00,0.27
113690,Timothy Castagne,4037,Fulham,90,0,0,0,0,0.00,0.00
113691,Joachim Andersen,4037,Fulham,90,0,0,2,0,0.00,0.15
113692,Calvin Bassey,4037,Fulham,90,1,0,0,0,0.09,0.00
113693,Antonee Robinson,4037,Fulham,90,2,0,1,1,0.04,0.13
113694,Sander Berge,4037,Fulham,90,0,0,2,0,0.00,0.06
113695,Sasa Lukic,4037,Fulham,90,0,0,3,0,0.00,0.06
113696,Adama Traoré,4037,Fulham,90,3,0,1,0,0.12,0.09
113697,Emile Smith-Rowe,4037,Fulham,76,2,0,0,0,0.06,0.00
113698,Alex Iwobi,4037,Fulham,82,0,0,1,0,0.00,0.04
113699,Raúl Jiménez,4037,Fulham,76,6,1,1,0,0.58,0.02
113700,Andreas Pereira,4037,Fulham,14,0,0,1,1,0.00,0.72
113701,Rodrigo Muniz,4037,Fulham,14,1,1,0,0,0.72,0.00
113702,Issa Diop,4037,Fulham,1,0,0,0,0,0.00,0.00
113703,Ryan Sessegnon,4037,Fulham,8,0,0,0,0,0.00,0.00
113704,Matz Sels,4038,Nottingham Forest,90,0,0,0,0,0.00,0.00
113705,Murillo,4038,Nottingham Forest,76,0,0,1,0,0.00,0.38
113706,Nikola Milenkovic,4038,Nottingham Forest,90,0,0,0,0,0.00,0.00
113707,Morato,4038,Nottingham Forest,90,0,0,0,0,0.00,0.00
113708,Ola Aina,4038,Nottingham Forest,90,0,0,1,0,0.00,0.08
113709,Elliot Anderson,4038,Nottingham Forest,86,0,0,2,0,0.00,0.12
113710,Danilo,4038,Nottingham Forest,69,0,0,0,0,0.00,0.00
113711,Neco Williams,4038,Nottingham Forest,90,2,1,0,0,0.70,0.00
113712,Morgan Gibbs-White,4038,Nottingham Forest,76,3,1,1,0,0.14,0.08
113713,Chris Wood,4038,Nottingham Forest,86,4,3,1,0,2.27,0.06
113714,Anthony Elanga,4038,Nottingham Forest,90,2,0,3,3,0.46,1.47
113715,Nicolás Domínguez,4038,Nottingham Forest,21,0,0,1,0,0.00,0.09
113716,Taiwo Awoniyi,4038,Nottingham Forest,4,1,0,0,0,0.18,0.00
113717,Jota Silva,4038,Nottingham Forest,14,2,1,1,0,0.43,0.18
113718,Willy Boly,4038,Nottingham Forest,14,0,0,0,0,0.00,0.00
113719,Ibrahim Sangare,4038,Nottingham Forest,4,0,0,1,1,0.00,0.62
113720,Bart Verbruggen,4038,Brighton,90,0,0,0,0,0.00,0.00
113721,Joël Veltman,4038,Brighton,90,0,0,0,0,0.00,0.00
113722,Jan Paul van Hecke,4038,Brighton,90,0,0,0,0,0.00,0.00
113723,Lewis Dunk,4038,Brighton,90,0,0,0,0,0.00,0.00
113724,Tariq Lamptey,4038,Brighton,90,1,0,0,0,0.03,0.00
113725,Jack Hinshelwood,4038,Brighton,50,1,0,0,0,0.05,0.00
113726,Yankuba Minteh,4038,Brighton,90,2,0,1,0,0.35,0.04
113727,João Pedro,4038,Brighton,50,1,0,2,0,0.08,0.35
113728,Georginio Rutter,4038,Brighton,90,2,0,1,0,0.06,0.08
113729,Kaoru Mitoma,4038,Brighton,50,0,0,0,0,0.00,0.00
113730,Danny Welbeck,4038,Brighton,77,1,0,1,0,0.08,0.08
113731,Matt O'Riley,4038,Brighton,40,1,0,1,0,0.07,0.02
113732,Evan Ferguson,4038,Brighton,13,0,0,0,0,0.00,0.00
113733,Diego Gómez,4038,Brighton,40,0,0,0,0,0.00,0.00
113734,Simon Adingra,4038,Brighton,40,1,0,0,0,0.04,0.00
113735,José Sá,4039,Wolverhampton Wanderers,90,0,0,0,0,0.00,0.00
113736,Matt Doherty,4039,Wolverhampton Wanderers,90,0,0,0,0,0.00,0.00
113737,Toti,4039,Wolverhampton Wanderers,90,0,0,0,0,0.00,0.00
113738,Emmanuel Agbadou,4039,Wolverhampton Wanderers,90,0,0,0,0,0.00,0.00
113739,Nélson Semedo,4039,Wolverhampton Wanderers,90,0,0,0,0,0.00,0.00
113740,Rayan Ait Nouri,4039,Wolverhampton Wanderers,77,0,0,0,0,0.00,0.00
113741,André,4039,Wolverhampton Wanderers,90,0,0,0,0,0.00,0.00
113742,Jean-Ricner Bellegarde,4039,Wolverhampton Wanderers,90,1,1,1,0,0.32,0.52
113743,Matheus Cunha,4039,Wolverhampton Wanderers,90,4,1,1,0,0.71,0.40
113744,Pablo Sarabia,4039,Wolverhampton Wanderers,83,0,0,1,1,0.00,0.32
113745,Gonçalo Guedes,4039,Wolverhampton Wanderers,77,3,0,0,0,1.03,0.00
113746,Rodrigo Gomes,4039,Wolverhampton Wanderers,13,0,0,0,0,0.00,0.00
113747,Santiago Bueno,4039,Wolverhampton Wanderers,1,0,0,0,0,0.00,0.00
113748,Hee-Chan Hwang,4039,Wolverhampton Wanderers,7,0,0,0,0,0.00,0.00
113749,Tommy Doyle,4039,Wolverhampton Wanderers,13,0,0,0,0,0.00,0.00
113750,Emiliano Martinez,4039,Aston Villa,90,0,0,0,0,0.00,0.00
113751,Andrés García,4039,Aston Villa,50,0,0,0,0,0.00,0.00
113752,Boubacar Kamara,4039,Aston Villa,90,1,0,0,0,0.03,0.00
113753,Ezri Konsa Ngoyo,4039,Aston Villa,90,0,0,0,0,0.00,0.00
113754,Lucas Digne,4039,Aston Villa,50,0,0,1,0,0.00,0.02
113755,Youri Tielemans,4039,Aston Villa,90,3,0,1,0,0.10,0.36
113756,Lamare Bogarde,4039,Aston Villa,87,0,0,0,0,0.00,0.00
113757,Morgan Rogers,4039,Aston Villa,90,1,0,1,0,0.08,0.03
113758,John McGinn,4039,Aston Villa,90,1,0,0,0,0.03,0.00
113759,Jacob Ramsey,4039,Aston Villa,50,0,0,0,0,0.00,0.00
113760,Ollie Watkins,4039,Aston Villa,50,0,0,0,0,0.00,0.00
113761,Amadou Onana,4039,Aston Villa,40,0,0,2,0,0.00,0.03
113762,Leon Bailey,4039,Aston Villa,40,2,0,0,0,0.10,0.00
113763,Ian Maatsen,4039,Aston Villa,40,0,0,3,0,0.00,0.21
113764,Donyell Malen,4039,Aston Villa,40,2,0,0,0,0.41,0.00
113765,Kosta Nedeljkovic,4039,Aston Villa,3,0,0,0,0,0.00,0.00
113766,Emiliano Martinez,4040,Aston Villa,90,0,0,0,0,0.00,0.00
113767,Andrés García,4040,Aston Villa,90,2,0,0,0,0.04,0.00
113768,Boubacar Kamara,4040,Aston Villa,15,0,0,0,0,0.00,0.00
113769,Axel Disasi,4040,Aston Villa,90,0,0,1,0,0.00,0.07
113770,Lucas Digne,4040,Aston Villa,50,1,0,0,0,0.03,0.00
113771,Youri Tielemans,4040,Aston Villa,90,1,0,3,0,0.02,0.14
113772,John McGinn,4040,Aston Villa,90,1,0,1,0,0.17,0.03
113773,Donyell Malen,4040,Aston Villa,67,1,0,1,0,0.07,0.03
113774,Morgan Rogers,4040,Aston Villa,90,5,0,4,0,1.35,0.22
113775,Jacob Ramsey,4040,Aston Villa,50,0,0,0,0,0.00,0.00
113776,Ollie Watkins,4040,Aston Villa,90,4,1,0,0,0.75,0.00
113777,Ian Maatsen,4040,Aston Villa,40,2,0,2,0,0.05,0.08
113778,Marco Asensio,4040,Aston Villa,23,4,0,1,0,0.26,0.03
113779,Tyrone Mings,4040,Aston Villa,75,0,0,0,0,0.00,0.00
113780,Marcus Rashford,4040,Aston Villa,40,4,0,4,0,0.18,0.74
113781,Alex Palmer,4040,Ipswich,90,0,0,0,0,0.00,0.00
113782,Axel Tuanzebe,4040,Ipswich,39,0,0,0,0,0.00,0.00
113783,Dara O'Shea,4040,Ipswich,90,0,0,0,0,0.00,0.00
113784,Jacob Greaves,4040,Ipswich,90,0,0,0,0,0.00,0.00
113785,Conor Townsend,4040,Ipswich,90,0,0,1,0,0.00,0.13
113786,Kalvin Phillips,4040,Ipswich,90,1,0,0,0,0.07,0.00
113787,Jens Cajuste,4040,Ipswich,84,0,0,0,0,0.00,0.00
113788,Ben Johnson,4040,Ipswich,90,0,0,0,0,0.00,0.00
113789,Omari Hutchinson,4040,Ipswich,90,0,0,1,1,0.00,0.12
113790,Julio Enciso,4040,Ipswich,16,1,0,0,0,0.02,0.00
113791,Liam Delap,4040,Ipswich,84,2,1,0,0,0.24,0.00
113792,Massimo Luongo,4040,Ipswich,6,0,0,0,0,0.00,0.00
113793,Jack Clarke,4040,Ipswich,34,0,0,0,0,0.00,0.00
113794,George Hirst,4040,Ipswich,6,0,0,0,0,0.00,0.00
113795,Jack Taylor,4040,Ipswich,1,0,0,0,0,0.00,0.00
113796,Luke Woolfenden,4040,Ipswich,40,0,0,0,0,0.00,0.00
113797,Bart Verbruggen,4041,Brighton,90,0,0,1,1,0.00,0.05
113798,Yankuba Minteh,4041,Brighton,90,2,2,3,0,0.77,0.16
113799,Joël Veltman,4041,Brighton,90,1,0,0,0,0.60,0.00
113800,Jan Paul van Hecke,4041,Brighton,90,0,0,0,0,0.00,0.00
113801,Adam Webster,4041,Brighton,90,0,0,0,0,0.00,0.00
113802,Tariq Lamptey,4041,Brighton,90,1,0,0,0,0.08,0.00
113803,Georginio Rutter,4041,Brighton,77,1,0,1,0,0.09,0.28
113804,Carlos Baleba,4041,Brighton,88,2,0,0,0,0.07,0.00
113805,Jack Hinshelwood,4041,Brighton,78,0,0,0,0,0.00,0.00
113806,Kaoru Mitoma,4041,Brighton,90,2,1,0,0,0.33,0.00
113807,Danny Welbeck,4041,Brighton,88,1,0,2,2,0.02,0.77
113808,João Pedro,4041,Brighton,13,2,0,0,0,0.08,0.00
113809,Matt O'Riley,4041,Brighton,2,0,0,0,0,0.00,0.00
113810,Diego Gómez,4041,Brighton,12,0,0,0,0,0.00,0.00
113811,Yasin Ayari,4041,Brighton,2,1,0,2,0,0.02,0.68
113812,Simon Adingra,4041,Brighton,1,0,0,0,0,0.00,0.00
113813,Filip Jorgensen,4041,Chelsea,90,0,0,0,0,0.00,0.00
113814,Malo Gusto,4041,Chelsea,69,1,0,1,0,0.03,0.03
113815,Trevoh Chalobah,4041,Chelsea,90,1,0,0,0,0.05,0.00
113816,Levi Colwill,4041,Chelsea,90,0,0,0,0,0.00,0.00
113817,Marc Cucurella,4041,Chelsea,90,0,0,1,0,0.00,0.28
113818,Enzo Fernández,4041,Chelsea,90,1,0,0,0,0.02,0.00
113819,Moisés Caicedo,4041,Chelsea,70,0,0,0,0,0.00,0.00
113820,Noni Madueke,4041,Chelsea,20,0,0,1,0,0.00,0.10
113821,Cole Palmer,4041,Chelsea,90,2,0,0,0,0.13,0.00
113822,Pedro Neto,4041,Chelsea,69,2,0,1,0,0.32,0.03
113823,Christopher Nkunku,4041,Chelsea,90,0,0,0,0,0.00,0.00
113824,Jadon Sancho,4041,Chelsea,70,0,0,1,0,0.00,0.04
113825,Reece James,4041,Chelsea,21,0,0,1,0,0.00,0.11
113826,Kiernan Dewsbury-Hall,4041,Chelsea,20,0,0,0,0,0.00,0.00
113827,Tyrique George,4041,Chelsea,21,1,0,0,0,0.11,0.00
113828,Dean Henderson,4042,Crystal Palace,90,0,0,0,0,0.00,0.00
113829,Maxence Lacroix,4042,Crystal Palace,90,2,0,1,0,0.18,0.27
113830,Chris Richards,4042,Crystal Palace,90,1,0,0,0,0.05,0.00
113831,Marc Guehi,4042,Crystal Palace,90,1,0,1,1,0.27,0.49
113832,Daniel Muñoz,4042,Crystal Palace,90,1,0,1,0,0.09,0.02
113833,Tyrick Mitchell,4042,Crystal Palace,64,0,0,0,0,0.00,0.00
113834,Jefferson Lerma,4042,Crystal Palace,50,0,0,1,0,0.00,0.02
113835,Will Hughes,4042,Crystal Palace,90,1,0,1,0,0.02,0.11
113836,Ismaila Sarr,4042,Crystal Palace,90,2,0,1,0,0.52,0.03
113837,Justin Devenny,4042,Crystal Palace,50,1,0,0,0,0.02,0.00
113838,Jean-Philippe Mateta,4042,Crystal Palace,90,2,1,2,0,0.90,0.50
113839,Daichi Kamada,4042,Crystal Palace,1,0,0,1,0,0.00,0.07
113840,Eberechi Eze,4042,Crystal Palace,40,4,0,3,0,0.12,0.21
113841,Ben Chilwell,4042,Crystal Palace,26,1,0,0,0,0.07,0.00
113842,Eddie Nketiah,4042,Crystal Palace,1,1,0,0,0,0.07,0.00
113843,Adam Wharton,4042,Crystal Palace,40,0,0,2,0,0.00,0.12
113844,Jordan Pickford,4042,Everton,90,0,0,0,0,0.00,0.00
113845,Jake O'Brien,4042,Everton,90,0,0,0,0,0.00,0.00
113846,James Tarkowski,4042,Everton,90,0,0,0,0,0.00,0.00
113847,Jarrad Branthwaite,4042,Everton,90,0,0,0,0,0.00,0.00
113848,Vitalii Mykolenko,4042,Everton,90,0,0,0,0,0.00,0.00
113849,Idrissa Gueye,4042,Everton,90,1,0,0,0,0.04,0.00
113850,James Garner,4042,Everton,90,0,0,2,0,0.00,0.07
113851,Jesper Lindstrom,4042,Everton,83,1,0,1,0,0.10,0.12
113852,Carlos Alcaraz,4042,Everton,90,5,1,3,1,0.24,0.58
113853,Jack Harrison,4042,Everton,90,0,0,1,0,0.00,0.02
113854,Beto,4042,Everton,90,3,1,2,0,0.60,0.07
113855,Ashley Young,4042,Everton,7,1,0,0,0,0.05,0.00
113856,Tim Iroegbunam,4042,Everton,1,0,0,0,0,0.00,0.00
113857,Bernd Leno,4043,Fulham,90,0,0,0,0,0.00,0.00
113858,Timothy Castagne,4043,Fulham,90,1,0,0,0,0.06,0.00
113859,Joachim Andersen,4043,Fulham,90,0,0,0,0,0.00,0.00
113860,Calvin Bassey,4043,Fulham,90,2,1,0,0,0.40,0.00
113861,Antonee Robinson,4043,Fulham,90,0,0,0,0,0.00,0.00
113862,Sander Berge,4043,Fulham,90,1,0,1,0,0.05,0.01
113863,Sasa Lukic,4043,Fulham,84,2,0,6,0,0.10,0.36
113864,Adama Traoré,4043,Fulham,90,2,0,3,1,0.17,0.70
113865,Emile Smith-Rowe,4043,Fulham,83,3,1,0,0,0.73,0.00
113866,Alex Iwobi,4043,Fulham,90,4,0,2,0,0.17,0.10
113867,Raúl Jiménez,4043,Fulham,77,7,0,2,1,0.42,0.51
113868,Willian,4043,Fulham,1,0,0,1,0,0.00,0.08
113869,Andreas Pereira,4043,Fulham,7,0,0,0,0,0.00,0.00
113870,Rodrigo Muniz,4043,Fulham,13,1,0,0,0,0.08,0.00
113871,Ryan Sessegnon,4043,Fulham,1,0,0,0,0,0.00,0.00
113872,Harrison Reed,4043,Fulham,6,1,0,0,0,0.07,0.00
113873,Matz Sels,4043,Nottingham Forest,90,0,0,0,0,0.00,0.00
113874,Murillo,4043,Nottingham Forest,90,0,0,0,0,0.00,0.00
113875,Nikola Milenkovic,4043,Nottingham Forest,90,0,0,1,0,0.00,0.06
113876,Morato,4043,Nottingham Forest,69,0,0,0,0,0.00,0.00
113877,Ola Aina,4043,Nottingham Forest,90,0,0,1,0,0.00,0.05
113878,Neco Williams,4043,Nottingham Forest,90,3,0,0,0,0.09,0.00
113879,Morgan Gibbs-White,4043,Nottingham Forest,90,0,0,1,1,0.00,0.08
113880,Elliot Anderson,4043,Nottingham Forest,86,1,0,0,0,0.01,0.00
113881,Danilo,4043,Nottingham Forest,64,0,0,0,0,0.00,0.00
113882,Chris Wood,4043,Nottingham Forest,90,1,1,1,0,0.08,0.02
113883,Anthony Elanga,4043,Nottingham Forest,90,2,0,1,0,0.10,0.03
113884,Jota Silva,4043,Nottingham Forest,4,0,0,0,0,0.00,0.00
113885,Callum Hudson-Odoi,4043,Nottingham Forest,21,1,0,0,0,0.05,0.00
113886,Ibrahim Sangare,4043,Nottingham Forest,26,0,0,0,0,0.00,0.00
113887,Mads Hermansen,4044,Leicester,90,0,0,0,0,0.00,0.00
113888,James Justin,4044,Leicester,42,0,0,0,0,0.00,0.00
113889,Wout Faes,4044,Leicester,90,0,0,0,0,0.00,0.00
113890,Caleb Okoli,4044,Leicester,90,0,0,0,0,0.00,0.00
113891,Victor Kristiansen,4044,Leicester,90,0,0,1,0,0.00,0.04
113892,Boubakary Soumare,4044,Leicester,90,0,0,0,0,0.00,0.00
113893,Wilfred Ndidi,4044,Leicester,89,2,0,0,0,0.10,0.00
113894,Bobby Reid,4044,Leicester,89,1,0,0,0,0.02,0.00
113895,Bilal El Khannouss,4044,Leicester,90,1,0,2,0,0.05,0.07
113896,Jordan Ayew,4044,Leicester,79,0,0,0,0,0.00,0.00
113897,Jamie Vardy,4044,Leicester,90,0,0,1,0,0.00,0.05
113898,Facundo Buonanotte,4044,Leicester,1,1,0,0,0,0.03,0.00
113899,Woyo Coulibaly,4044,Leicester,48,0,0,0,0,0.00,0.00
113900,Patson Daka,4044,Leicester,1,0,0,0,0,0.00,0.00
113901,Stephy Mavididi,4044,Leicester,11,1,0,0,0,0.04,0.00
113902,David Raya,4044,Arsenal,90,0,0,0,0,0.00,0.00
113903,Jurriën Timber,4044,Arsenal,90,0,0,0,0,0.00,0.00
113904,Gabriel,4044,Arsenal,90,0,0,1,0,0.00,0.03
113905,William Saliba,4044,Arsenal,90,0,0,0,0,0.00,0.00
113906,Myles Lewis-Skelly,4044,Arsenal,80,0,0,0,0,0.00,0.00
113907,Thomas Partey,4044,Arsenal,80,1,0,0,0,0.01,0.00
113908,Martin Odegaard,4044,Arsenal,90,1,0,2,0,0.03,0.51
113909,Declan Rice,4044,Arsenal,90,1,0,1,0,0.06,0.05
113910,Ethan Nwaneri,4044,Arsenal,90,4,0,2,1,0.31,0.49
113911,Leandro Trossard,4044,Arsenal,90,1,0,1,1,0.34,0.54
113912,Raheem Sterling,4044,Arsenal,73,1,0,1,0,0.03,0.02
113913,Jorginho,4044,Arsenal,10,0,0,0,0,0.00,0.00
113914,Riccardo Calafiori,4044,Arsenal,10,0,0,0,0,0.00,0.00
113915,Mikel Merino,4044,Arsenal,17,2,2,0,0,0.97,0.00
113916,Kieran Tierney,4044,Arsenal,1,0,0,0,0,0.00,0.00
113917,Alisson,4045,Liverpool,90,0,0,0,0,0.00,0.00
113918,Trent Alexander-Arnold,4045,Liverpool,67,2,0,0,0,0.09,0.00
113919,Ibrahima Konaté,4045,Liverpool,49,0,0,1,0,0.00,0.04
113920,Virgil van Dijk,4045,Liverpool,90,0,0,1,0,0.00,0.05
113921,Andrew Robertson,4045,Liverpool,90,0,0,1,0,0.00,0.05
113922,Alexis Mac Allister,4045,Liverpool,90,0,0,1,0,0.00,0.07
113923,Ryan Gravenberch,4045,Liverpool,90,0,0,0,0,0.00,0.00
113924,Mohamed Salah,4045,Liverpool,90,2,1,0,0,0.83,0.00
113925,Dominik Szoboszlai,4045,Liverpool,90,1,0,0,0,0.05,0.00
113926,Luis Díaz,4045,Liverpool,74,1,1,0,0,0.52,0.00
113927,Diogo Jota,4045,Liverpool,67,4,0,0,0,0.37,0.00
113928,Wataru Endo,4045,Liverpool,16,0,0,0,0,0.00,0.00
113929,Darwin Núñez,4045,Liverpool,23,0,0,0,0,0.00,0.00
113930,Jarell Quansah,4045,Liverpool,41,0,0,0,0,0.00,0.00
113931,Conor Bradley,4045,Liverpool,23,0,0,0,0,0.00,0.00
113932,José Sá,4045,Wolverhampton Wanderers,90,0,0,0,0,0.00,0.00
113933,Matt Doherty,4045,Wolverhampton Wanderers,90,0,0,0,0,0.00,0.00
113934,Toti,4045,Wolverhampton Wanderers,90,0,0,0,0,0.00,0.00
113935,Emmanuel Agbadou,4045,Wolverhampton Wanderers,64,1,0,0,0,0.01,0.00
113936,Nélson Semedo,4045,Wolverhampton Wanderers,90,1,0,0,0,0.01,0.00
113937,Rayan Ait Nouri,4045,Wolverhampton Wanderers,90,0,0,2,0,0.00,0.15
113938,André,4045,Wolverhampton Wanderers,90,1,0,2,0,0.03,0.02
113939,João Gomes,4045,Wolverhampton Wanderers,86,2,0,1,0,0.23,0.03
113940,Matheus Cunha,4045,Wolverhampton Wanderers,90,6,1,1,0,0.34,0.13
113941,Pablo Sarabia,4045,Wolverhampton Wanderers,49,2,0,1,0,0.07,0.03
113942,Gonçalo Guedes,4045,Wolverhampton Wanderers,49,0,0,1,0,0.00,0.07
113943,Jean-Ricner Bellegarde,4045,Wolverhampton Wanderers,41,0,0,3,1,0.00,0.41
113944,Santiago Bueno,4045,Wolverhampton Wanderers,26,0,0,0,0,0.00,0.00
113945,Marshall Munetsi,4045,Wolverhampton Wanderers,41,2,0,0,0,0.28,0.00
113946,Tommy Doyle,4045,Wolverhampton Wanderers,4,1,0,0,0,0.08,0.00
113947,Pedro Lima,4045,Wolverhampton Wanderers,1,0,0,0,0,0.00,0.00
113948,Ederson,4046,Manchester City,90,0,0,1,1,0.00,0.28
113949,Rico Lewis,4046,Manchester City,90,0,0,0,0,0.00,0.00
113950,Abduqodir Khusanov,4046,Manchester City,90,0,0,0,0,0.00,0.00
113951,John Stones,4046,Manchester City,90,0,0,0,0,0.00,0.00
113952,Josko Gvardiol,4046,Manchester City,88,0,0,1,0,0.00,0.07
113953,Ilkay Gündogan,4046,Manchester City,88,0,0,2,1,0.00,0.11
113954,Nico González,4046,Manchester City,90,0,0,0,0,0.00,0.00
113955,Sávio,4046,Manchester City,90,3,0,1,1,0.49,0.49
113956,Phil Foden,4046,Manchester City,77,1,0,3,0,0.03,0.52
113957,Omar Marmoush,4046,Manchester City,77,4,3,0,0,0.92,0.00
113958,Erling Haaland,4046,Manchester City,89,2,0,2,1,0.11,0.62
113959,Jéremy Doku,4046,Manchester City,13,0,0,1,0,0.00,0.04
113960,Mateo Kovacic,4046,Manchester City,2,0,0,0,0,0.00,0.00
113961,Matheus Nunes,4046,Manchester City,1,0,0,0,0,0.00,0.00
113962,James McAtee,4046,Manchester City,13,1,1,0,0,0.58,0.00
113963,Nico O'Reilly,4046,Manchester City,2,0,0,0,0,0.00,0.00
113964,Martin Dubravka,4046,Newcastle United,90,0,0,0,0,0.00,0.00
113965,Kieran Trippier,4046,Newcastle United,47,0,0,1,0,0.00,0.01
113966,Fabian Schär,4046,Newcastle United,90,0,0,0,0,0.00,0.00
113967,Dan Burn,4046,Newcastle United,90,0,0,0,0,0.00,0.00
113968,Lewis Hall,4046,Newcastle United,90,0,0,1,0,0.00,0.09
113969,Bruno Guimarães,4046,Newcastle United,73,1,0,0,0,0.01,0.00
113970,Sandro Tonali,4046,Newcastle United,90,0,0,0,0,0.00,0.00
113971,Joe Willock,4046,Newcastle United,47,0,0,1,0,0.00,0.05
113972,Jacob Murphy,4046,Newcastle United,90,0,0,0,0,0.00,0.00
113973,Alexander Isak,4046,Newcastle United,90,1,0,0,0,0.05,0.00
113974,Anthony Gordon,4046,Newcastle United,74,0,0,0,0,0.00,0.00
113975,Emil Krafth,4046,Newcastle United,1,0,0,0,0,0.00,0.00
113976,Callum Wilson,4046,Newcastle United,16,0,0,0,0,0.00,0.00
113977,Sean Longstaff,4046,Newcastle United,17,0,0,0,0,0.00,0.00
113978,Valentino Livramento,4046,Newcastle United,43,0,0,0,0,0.00,0.00
113979,Lewis Miley,4046,Newcastle United,43,1,0,0,0,0.09,0.00
113980,Aaron Ramsdale,4047,Southampton,90,0,0,0,0,0.00,0.00
113981,Jan Bednarek,4047,Southampton,90,0,0,0,0,0.00,0.00
113982,James Bree,4047,Southampton,90,1,0,0,0,0.02,0.00
113983,Nathan Wood,4047,Southampton,47,0,0,0,0,0.00,0.00
113984,Kyle Walker-Peters,4047,Southampton,90,0,0,1,0,0.00,0.02
113985,William Smallbone,4047,Southampton,57,0,0,1,0,0.00,0.02
113986,Joe Ayodele-Aribo,4047,Southampton,86,0,0,0,0,0.00,0.00
113987,Welington,4047,Southampton,47,0,0,0,0,0.00,0.00
113988,Mateus Fernandes,4047,Southampton,90,0,0,1,0,0.00,0.03
113989,Kamaldeen Sulemana,4047,Southampton,86,5,1,1,0,0.35,0.07
113990,Paul Onuachu,4047,Southampton,90,2,0,2,1,0.08,0.15
113991,Chimuanya Ugochukwu,4047,Southampton,43,1,0,3,0,0.04,0.19
113992,Ryan Manning,4047,Southampton,4,0,0,1,0,0.00,0.47
113993,Yukinari Sugawara,4047,Southampton,43,1,0,1,0,0.02,0.04
113994,Cameron Archer,4047,Southampton,4,1,0,0,0,0.47,0.00
113995,Tyler Dibling,4047,Southampton,33,0,0,0,0,0.00,0.00
113996,Kepa,4047,Bournemouth,90,0,0,0,0,0.00,0.00
113997,Lewis Cook,4047,Bournemouth,90,1,0,2,0,0.02,0.15
113998,Dean Huijsen,4047,Bournemouth,90,0,0,0,0,0.00,0.00
113999,Illia Zabarnyi,4047,Bournemouth,90,0,0,0,0,0.00,0.00
114000,Milos Kerkez,4047,Bournemouth,90,1,0,1,0,0.07,0.04
114001,Tyler Adams,4047,Bournemouth,90,0,0,2,0,0.00,0.04
114002,Ryan Christie,4047,Bournemouth,89,3,1,2,1,0.09,0.56
114003,David Brooks,4047,Bournemouth,68,1,0,0,0,0.10,0.00
114004,Justin Kluivert,4047,Bournemouth,78,1,0,4,1,0.04,0.88
114005,Antoine Semenyo,4047,Bournemouth,90,1,0,2,1,0.79,0.35
114006,Dango Ouattara,4047,Bournemouth,89,4,1,0,0,0.82,0.00
114007,Luis Sinisterra,4047,Bournemouth,1,0,0,0,0,0.00,0.00
114008,Marcus Tavernier,4047,Bournemouth,22,1,1,0,0,0.10,0.00
114009,Alex Scott,4047,Bournemouth,12,1,0,0,0,0.06,0.00
114010,Daniel Jebbison,4047,Bournemouth,1,0,0,0,0,0.00,0.00
114011,Guglielmo Vicario,4048,Tottenham,90,0,0,0,0,0.00,0.00
114012,Pedro Porro,4048,Tottenham,90,0,0,3,0,0.00,0.09
114013,Kevin Danso,4048,Tottenham,79,1,0,1,0,0.02,0.06
114014,Ben Davies,4048,Tottenham,90,1,0,1,0,0.09,0.05
114015,Djed Spence,4048,Tottenham,90,1,0,1,0,0.01,0.12
114016,Lucas Bergvall,4048,Tottenham,65,2,0,1,0,0.11,0.05
114017,Rodrigo Bentancur,4048,Tottenham,79,1,0,2,0,0.04,0.04
114018,James Maddison,4048,Tottenham,65,1,1,1,0,0.65,0.14
114019,Dejan Kulusevski,4048,Tottenham,90,4,0,1,0,0.32,0.15
114020,Mathys Tel,4048,Tottenham,90,7,0,1,0,0.60,0.08
114021,Son Heung-Min,4048,Tottenham,88,3,0,4,0,0.17,0.24
114022,Wilson Odobert,4048,Tottenham,2,0,0,0,0,0.00,0.00
114023,Yves Bissouma,4048,Tottenham,11,1,0,0,0,0.03,0.00
114024,Pape Sarr,4048,Tottenham,25,0,0,2,0,0.00,0.18
114025,Archie Gray,4048,Tottenham,11,0,0,0,0,0.00,0.00
114026,Brennan Johnson,4048,Tottenham,25,0,0,0,0,0.00,0.00
114027,André Onana,4048,Manchester United,90,0,0,0,0,0.00,0.00
114028,Noussair Mazraoui,4048,Manchester United,90,0,0,1,0,0.00,0.30
114029,Matthijs de Ligt,4048,Manchester United,90,2,0,1,0,0.08,0.03
114030,Harry Maguire,4048,Manchester United,90,0,0,1,0,0.00,0.04
114031,Diogo Dalot,4048,Manchester United,90,1,0,0,0,0.11,0.00
114032,Patrick Dorgu,4048,Manchester United,90,1,0,2,0,0.03,0.10
114033,Casemiro,4048,Manchester United,90,2,0,2,0,0.21,0.10
114034,Bruno Fernandes,4048,Manchester United,90,1,0,4,0,0.02,0.48
114035,Alejandro Garnacho,4048,Manchester United,90,4,0,1,0,0.49,0.02
114036,Joshua Zirkzee,4048,Manchester United,90,2,0,1,0,0.32,0.11
114037,Rasmus Højlund,4048,Manchester United,90,3,0,0,0,0.18,0.00
114038,Chido Obi-Martin,4048,Manchester United,1,0,0,0,0,0.00,0.00
114039,Alphonse Areola,4049,West Ham,90,0,0,0,0,0.00,0.00
114040,Aaron Wan-Bissaka,4049,West Ham,90,0,0,0,0,0.00,0.00
114041,Konstantinos Mavropanos,4049,West Ham,90,1,0,0,0,0.02,0.00
114042,Max Kilman,4049,West Ham,90,0,0,1,0,0.00,0.03
114043,Emerson,4049,West Ham,50,1,0,0,0,0.01,0.00
114044,Tomas Soucek,4049,West Ham,50,1,0,0,0,0.06,0.00
114045,Edson Álvarez,4049,West Ham,90,0,0,0,0,0.00,0.00
114046,Jarrod Bowen,4049,West Ham,90,0,0,1,0,0.00,0.08
114047,Mohammed Kudus,4049,West Ham,90,3,0,0,0,0.23,0.00
114048,Carlos Soler,4049,West Ham,50,0,0,0,0,0.00,0.00
114049,Lucas Paquetá,4049,West Ham,90,2,0,3,0,0.10,0.10
114050,Luis Guilherme,4049,West Ham,1,0,0,0,0,0.00,0.00
114051,Evan Ferguson,4049,West Ham,40,2,0,1,0,0.10,0.12
114052,James Ward-Prowse,4049,West Ham,40,1,0,1,0,0.05,0.00
114053,Oliver Scarles,4049,West Ham,40,2,0,0,0,0.11,0.00
114054,Mark Flekken,4049,Brentford,90,0,0,0,0,0.00,0.00
114055,Kristoffer Ajer,4049,Brentford,90,0,0,0,0,0.00,0.00
114056,Nathan Collins,4049,Brentford,90,0,0,0,0,0.00,0.00
114057,Sepp van den Berg,4049,Brentford,64,0,0,1,0,0.00,0.02
114058,Keane Lewis-Potter,4049,Brentford,90,2,0,2,0,0.09,0.20
114059,Christian Nørgaard,4049,Brentford,90,1,0,1,0,0.05,0.07
114060,Vitaly Janelt,4049,Brentford,79,0,0,0,0,0.00,0.00
114061,Bryan Mbeumo,4049,Brentford,90,3,0,3,0,0.38,0.47
114062,Mikkel Damsgaard,4049,Brentford,90,2,0,2,0,0.11,0.26
114063,Kevin Schade,4049,Brentford,79,3,1,0,0,1.04,0.00
114064,Yoane Wissa,4049,Brentford,90,3,0,0,0,0.30,0.00
114065,Mathias Jensen,4049,Brentford,11,0,0,1,0,0.00,0.04
114066,Ethan Pinnock,4049,Brentford,26,0,0,0,0,0.00,0.00
114067,Fabio Carvalho,4049,Brentford,1,0,0,0,0,0.00,0.00
114068,Yehor Yarmolyuk,4049,Brentford,11,0,0,0,0,0.00,0.00
114069,Michael Kayode,4049,Brentford,1,0,0,0,0,0.00,0.00
114070,Kepa,4050,Bournemouth,90,0,0,0,0,0.00,0.00
114071,James Hill,4050,Bournemouth,64,1,0,0,0,0.03,0.00
114072,Dean Huijsen,4050,Bournemouth,90,0,0,0,0,0.00,0.00
114073,Illia Zabarnyi,4050,Bournemouth,30,0,0,0,0,0.00,0.00
114074,Milos Kerkez,4050,Bournemouth,90,0,0,0,0,0.00,0.00
114075,Lewis Cook,4050,Bournemouth,90,0,0,0,0,0.00,0.00
114076,Ryan Christie,4050,Bournemouth,64,2,0,2,0,0.12,0.06
114077,Marcus Tavernier,4050,Bournemouth,90,1,0,0,0,0.01,0.00
114078,Justin Kluivert,4050,Bournemouth,77,1,0,1,0,0.34,0.03
114079,Antoine Semenyo,4050,Bournemouth,90,1,0,1,0,0.04,0.34
114080,Dango Ouattara,4050,Bournemouth,90,2,0,2,0,0.09,0.14
114081,Tyler Adams,4050,Bournemouth,26,0,0,0,0,0.00,0.00
114082,Alex Scott,4050,Bournemouth,13,0,0,0,0,0.00,0.00
114083,Daniel Jebbison,4050,Bournemouth,1,0,0,0,0,0.00,0.00
114084,David Brooks,4050,Bournemouth,26,0,0,0,0,0.00,0.00
114085,José Sá,4050,Wolverhampton Wanderers,90,0,0,0,0,0.00,0.00
114086,Matt Doherty,4050,Wolverhampton Wanderers,90,0,0,0,0,0.00,0.00
114087,Toti,4050,Wolverhampton Wanderers,90,1,0,0,0,0.12,0.00
114088,Santiago Bueno,4050,Wolverhampton Wanderers,77,0,0,0,0,0.00,0.00
114089,Nélson Semedo,4050,Wolverhampton Wanderers,90,2,0,0,0,0.17,0.00
114090,Rayan Ait Nouri,4050,Wolverhampton Wanderers,84,1,0,1,0,0.09,0.02
114091,André,4050,Wolverhampton Wanderers,90,0,0,0,0,0.00,0.00
114092,João Gomes,4050,Wolverhampton Wanderers,50,0,0,0,0,0.00,0.00
114093,Matheus Cunha,4050,Wolverhampton Wanderers,90,3,1,4,0,0.53,0.41
114094,Jean-Ricner Bellegarde,4050,Wolverhampton Wanderers,84,1,0,2,0,0.30,0.72
114095,Marshall Munetsi,4050,Wolverhampton Wanderers,90,2,0,1,1,0.73,0.42
114096,Nasser Djiga,4050,Wolverhampton Wanderers,13,0,0,0,0,0.00,0.00
114097,Jørgen Strand Larsen,4050,Wolverhampton Wanderers,40,1,0,1,0,0.08,0.06
114098,Pablo Sarabia,4050,Wolverhampton Wanderers,6,1,0,0,0,0.03,0.00
114099,Tommy Doyle,4050,Wolverhampton Wanderers,1,0,0,0,0,0.00,0.00
114100,Pedro Lima,4050,Wolverhampton Wanderers,6,1,0,0,0,0.05,0.00
114101,David Raya,4051,Arsenal,90,0,0,0,0,0.00,0.00
114102,Jurriën Timber,4051,Arsenal,90,0,0,1,0,0.00,0.02
114103,Gabriel,4051,Arsenal,90,2,0,0,0,0.08,0.00
114104,William Saliba,4051,Arsenal,89,0,0,0,0,0.00,0.00
114105,Riccardo Calafiori,4051,Arsenal,58,2,0,1,0,0.08,0.04
114106,Thomas Partey,4051,Arsenal,90,0,0,2,0,0.00,0.41
114107,Martin Odegaard,4051,Arsenal,90,3,0,4,0,0.11,0.20
114108,Declan Rice,4051,Arsenal,58,1,0,2,0,0.04,0.09
114109,Ethan Nwaneri,4051,Arsenal,83,1,0,1,0,0.03,0.06
114110,Mikel Merino,4051,Arsenal,90,2,0,2,0,0.48,0.08
114111,Leandro Trossard,4051,Arsenal,90,5,0,3,0,0.26,0.19
114112,Oleksandr Zinchenko,4051,Arsenal,32,2,0,0,0,0.11,0.00
114113,Raheem Sterling,4051,Arsenal,7,1,0,1,0,0.12,0.04
114114,Myles Lewis-Skelly,4051,Arsenal,17,0,0,0,0,0.00,0.00
114115,Ben White,4051,Arsenal,1,1,0,0,0,0.06,0.00
114116,Alphonse Areola,4051,West Ham,90,0,0,0,0,0.00,0.00
114117,Aaron Wan-Bissaka,4051,West Ham,90,1,0,2,1,0.07,0.79
114118,Jean-Clair Todibo,4051,West Ham,64,0,0,0,0,0.00,0.00
114119,Max Kilman,4051,West Ham,90,0,0,0,0,0.00,0.00
114120,Aaron Cresswell,4051,West Ham,90,0,0,0,0,0.00,0.00
114121,Oliver Scarles,4051,West Ham,90,0,0,0,0,0.00,0.00
114122,Tomas Soucek,4051,West Ham,90,2,0,0,0,0.16,0.00
114123,Edson Álvarez,4051,West Ham,90,0,0,0,0,0.00,0.00
114124,James Ward-Prowse,4051,West Ham,90,0,0,1,0,0.00,0.06
114125,Mohammed Kudus,4051,West Ham,90,0,0,2,0,0.00,0.18
114126,Jarrod Bowen,4051,West Ham,84,2,1,0,0,0.79,0.00
114127,Konstantinos Mavropanos,4051,West Ham,26,0,0,0,0,0.00,0.00
114128,Evan Ferguson,4051,West Ham,6,0,0,0,0,0.00,0.00
114129,Carlos Soler,4051,West Ham,1,0,0,0,0,0.00,0.00
114130,Emiliano Martinez,4052,Aston Villa,90,0,0,0,0,0.00,0.00
114131,Matthew Cash,4052,Aston Villa,76,0,0,0,0,0.00,0.00
114132,Tyrone Mings,4052,Aston Villa,66,0,0,0,0,0.00,0.00
114133,Ezri Konsa Ngoyo,4052,Aston Villa,90,0,0,0,0,0.00,0.00
114134,Ian Maatsen,4052,Aston Villa,90,0,0,0,0,0.00,0.00
114135,Youri Tielemans,4052,Aston Villa,90,0,0,2,0,0.00,0.59
114136,John McGinn,4052,Aston Villa,90,1,0,0,0,0.03,0.00
114137,Morgan Rogers,4052,Aston Villa,84,0,0,1,0,0.00,0.07
114138,Marco Asensio,4052,Aston Villa,90,3,2,2,0,0.94,0.16
114139,Jacob Ramsey,4052,Aston Villa,52,0,0,0,0,0.00,0.00
114140,Ollie Watkins,4052,Aston Villa,83,4,0,0,0,0.73,0.00
114141,Leon Bailey,4052,Aston Villa,7,1,0,0,0,0.26,0.00
114142,Donyell Malen,4052,Aston Villa,6,1,0,0,0,0.62,0.00
114143,Lamare Bogarde,4052,Aston Villa,24,0,0,0,0,0.00,0.00
114144,Andrés García,4052,Aston Villa,14,0,0,1,0,0.00,0.03
114145,Marcus Rashford,4052,Aston Villa,38,2,0,3,2,0.11,1.53
114146,Filip Jorgensen,4052,Chelsea,90,0,0,0,0,0.00,0.00
114147,Malo Gusto,4052,Chelsea,90,1,0,0,0,0.03,0.00
114148,Trevoh Chalobah,4052,Chelsea,7,0,0,0,0,0.00,0.00
114149,Levi Colwill,4052,Chelsea,90,1,0,0,0,0.03,0.00
114150,Marc Cucurella,4052,Chelsea,90,0,0,0,0,0.00,0.00
114151,Moisés Caicedo,4052,Chelsea,90,0,0,1,0,0.00,0.12
114152,Reece James,4052,Chelsea,90,1,0,0,0,0.05,0.00
114153,Cole Palmer,4052,Chelsea,90,3,0,2,0,0.27,0.39
114154,Enzo Fernández,4052,Chelsea,90,4,1,2,0,1.34,0.19
114155,Christopher Nkunku,4052,Chelsea,82,1,0,2,0,0.06,0.18
114156,Pedro Neto,4052,Chelsea,90,4,0,4,1,0.40,1.14
114157,Tosin Adarabioyo,4052,Chelsea,83,0,0,0,0,0.00,0.00
114158,Jadon Sancho,4052,Chelsea,8,0,0,1,0,0.00,0.02
114159,Jordan Pickford,4053,Everton,90,0,0,0,0,0.00,0.00
114160,Jake O'Brien,4053,Everton,90,0,0,1,0,0.00,0.31
114161,James Tarkowski,4053,Everton,90,0,0,0,0,0.00,0.00
114162,Jarrad Branthwaite,4053,Everton,90,1,0,0,0,0.06,0.00
114163,Vitalii Mykolenko,4053,Everton,90,0,0,0,0,0.00,0.00
114164,Idrissa Gueye,4053,Everton,90,1,0,0,0,0.02,0.00
114165,James Garner,4053,Everton,87,0,0,0,0,0.00,0.00
114166,Jesper Lindstrom,4053,Everton,60,0,0,0,0,0.00,0.00
114167,Abdoulaye Doucouré,4053,Everton,87,2,1,1,1,0.60,0.40
114168,Jack Harrison,4053,Everton,90,2,0,3,0,0.53,0.12
114169,Beto,4053,Everton,90,3,1,1,0,0.90,0.45
114170,Tim Iroegbunam,4053,Everton,3,0,0,0,0,0.00,0.00
114171,Ashley Young,4053,Everton,30,0,0,1,0,0.00,0.46
114172,Carlos Alcaraz,4053,Everton,3,0,0,0,0,0.00,0.00
114173,André Onana,4053,Manchester United,90,0,0,0,0,0.00,0.00
114174,Noussair Mazraoui,4053,Manchester United,76,0,0,0,0,0.00,0.00
114175,Matthijs de Ligt,4053,Manchester United,90,0,0,0,0,0.00,0.00
114176,Harry Maguire,4053,Manchester United,90,0,0,0,0,0.00,0.00
114177,Diogo Dalot,4053,Manchester United,90,0,0,1,0,0.00,0.10
114178,Patrick Dorgu,4053,Manchester United,90,0,0,0,0,0.00,0.00
114179,Casemiro,4053,Manchester United,68,0,0,0,0,0.00,0.00
114180,Manuel Ugarte,4053,Manchester United,90,3,1,0,0,0.06,0.00
114181,Joshua Zirkzee,4053,Manchester United,90,2,0,0,0,0.36,0.00
114182,Bruno Fernandes,4053,Manchester United,90,3,1,2,0,0.13,0.36
114183,Rasmus Højlund,4053,Manchester United,76,0,0,1,0,0.00,0.02
114184,Alejandro Garnacho,4053,Manchester United,22,1,0,0,0,0.10,0.00
114185,Leny Yoro,4053,Manchester United,14,0,0,0,0,0.00,0.00
114186,Chido Obi-Martin,4053,Manchester United,14,0,0,0,0,0.00,0.00
114187,Bernd Leno,4054,Fulham,90,0,0,0,0,0.00,0.00
114188,Timothy Castagne,4054,Fulham,81,0,0,1,0,0.00,0.03
114189,Joachim Andersen,4054,Fulham,90,1,0,0,0,0.02,0.00
114190,Calvin Bassey,4054,Fulham,90,0,0,0,0,0.00,0.00
114191,Antonee Robinson,4054,Fulham,90,1,0,0,0,0.02,0.00
114192,Sander Berge,4054,Fulham,59,0,0,0,0,0.00,0.00
114193,Sasa Lukic,4054,Fulham,90,0,0,2,0,0.00,0.03
114194,Adama Traoré,4054,Fulham,90,1,0,0,0,0.05,0.00
114195,Emile Smith-Rowe,4054,Fulham,59,1,0,0,0,0.04,0.00
114196,Alex Iwobi,4054,Fulham,81,1,0,1,0,0.02,0.01
114197,Raúl Jiménez,4054,Fulham,90,2,0,0,0,0.03,0.00
114198,Willian,4054,Fulham,9,1,0,0,0,0.03,0.00
114199,Andreas Pereira,4054,Fulham,31,2,0,1,0,0.05,0.03
114200,Rodrigo Muniz,4054,Fulham,9,0,0,0,0,0.00,0.00
114201,Issa Diop,4054,Fulham,9,0,0,0,0,0.00,0.00
114202,Tom Cairney,4054,Fulham,22,0,0,1,0,0.00,0.02
114203,Dean Henderson,4054,Crystal Palace,90,0,0,0,0,0.00,0.00
114204,Maxence Lacroix,4054,Crystal Palace,90,1,0,0,0,0.52,0.00
114205,Chris Richards,4054,Crystal Palace,90,0,0,0,0,0.00,0.00
114206,Marc Guehi,4054,Crystal Palace,90,0,0,0,0,0.00,0.00
114207,Daniel Muñoz,4054,Crystal Palace,90,1,1,0,0,0.16,0.00
114208,Tyrick Mitchell,4054,Crystal Palace,90,0,0,2,0,0.00,0.16
114209,Jefferson Lerma,4054,Crystal Palace,82,1,0,0,0,0.07,0.00
114210,Will Hughes,4054,Crystal Palace,90,1,0,3,0,0.02,0.58
114211,Ismaila Sarr,4054,Crystal Palace,76,0,0,0,0,0.00,0.00
114212,Eberechi Eze,4054,Crystal Palace,90,4,0,1,0,0.23,0.46
114213,Jean-Philippe Mateta,4054,Crystal Palace,90,2,0,1,1,0.50,0.16
114214,Daichi Kamada,4054,Crystal Palace,14,0,0,0,0,0.00,0.00
114215,Ben Chilwell,4054,Crystal Palace,1,0,0,0,0,0.00,0.00
114216,Adam Wharton,4054,Crystal Palace,8,0,0,0,0,0.00,0.00
114217,Justin Devenny,4054,Crystal Palace,1,0,0,0,0,0.00,0.00
114218,Alex Palmer,4055,Ipswich,90,0,0,0,0,0.00,0.00
114219,Ben Godfrey,4055,Ipswich,49,0,0,0,0,0.00,0.00
114220,Dara O'Shea,4055,Ipswich,90,1,0,0,0,0.01,0.00
114221,Jacob Greaves,4055,Ipswich,90,0,0,0,0,0.00,0.00
114222,Leif Davis,4055,Ipswich,90,0,0,3,0,0.00,0.14
114223,Kalvin Phillips,4055,Ipswich,83,1,0,1,0,0.02,0.08
114224,Jens Cajuste,4055,Ipswich,55,0,0,1,0,0.00,0.08
114225,Jaden Philogene-Bidace,4055,Ipswich,90,4,0,2,0,0.22,0.10
114226,Omari Hutchinson,4055,Ipswich,90,4,1,3,0,0.50,0.16
114227,Jack Clarke,4055,Ipswich,71,1,0,3,1,0.03,0.41
114228,Liam Delap,4055,Ipswich,82,5,0,0,0,0.32,0.00
114229,Sam Morsy,4055,Ipswich,7,0,0,1,0,0.00,0.06
114230,George Hirst,4055,Ipswich,8,0,0,0,0,0.00,0.00
114231,Jack Taylor,4055,Ipswich,35,0,0,0,0,0.00,0.00
114232,Nathan Broadhead,4055,Ipswich,19,1,0,0,0,0.08,0.00
114233,Luke Woolfenden,4055,Ipswich,41,0,0,0,0,0.00,0.00
114234,Guglielmo Vicario,4055,Tottenham,90,0,0,0,0,0.00,0.00
114235,Djed Spence,4055,Tottenham,90,1,1,0,0,0.10,0.00
114236,Kevin Danso,4055,Tottenham,90,0,0,0,0,0.00,0.00
114237,Archie Gray,4055,Tottenham,90,0,0,1,0,0.00,0.05
114238,Iyenoma Destiny Udogie,4055,Tottenham,68,0,0,0,0,0.00,0.00
114239,Dejan Kulusevski,4055,Tottenham,90,1,1,3,0,0.08,0.31
114240,Lucas Bergvall,4055,Tottenham,88,1,0,0,0,0.04,0.00
114241,Rodrigo Bentancur,4055,Tottenham,90,1,0,0,0,0.08,0.00
114242,Brennan Johnson,4055,Tottenham,67,3,2,0,0,1.08,0.00
114243,Mathys Tel,4055,Tottenham,77,0,0,0,0,0.00,0.00
114244,Son Heung-Min,4055,Tottenham,77,3,0,3,2,0.26,1.02
114245,Wilson Odobert,4055,Tottenham,13,0,0,0,0,0.00,0.00
114246,Yves Bissouma,4055,Tottenham,2,0,0,0,0,0.00,0.00
114247,Pedro Porro,4055,Tottenham,22,0,0,0,0,0.00,0.00
114248,Dane Scarlett,4055,Tottenham,13,0,0,1,1,0.00,0.08
114249,James Maddison,4055,Tottenham,23,0,0,1,1,0.00,0.10
114250,Mads Hermansen,4056,Leicester,90,0,0,0,0,0.00,0.00
114251,Woyo Coulibaly,4056,Leicester,50,2,0,0,0,0.07,0.00
114252,Wout Faes,4056,Leicester,90,0,0,0,0,0.00,0.00
114253,Caleb Okoli,4056,Leicester,87,0,0,0,0,0.00,0.00
114254,Victor Kristiansen,4056,Leicester,90,0,0,0,0,0.00,0.00
114255,Boubakary Soumare,4056,Leicester,90,0,0,2,0,0.00,0.08
114256,Wilfred Ndidi,4056,Leicester,81,0,0,0,0,0.00,0.00
114257,Bobby Reid,4056,Leicester,50,0,0,0,0,0.00,0.00
114258,Bilal El Khannouss,4056,Leicester,90,0,0,3,0,0.00,0.53
114259,Jordan Ayew,4056,Leicester,59,0,0,1,0,0.00,0.04
114260,Jamie Vardy,4056,Leicester,90,3,0,0,0,0.49,0.00
114261,Facundo Buonanotte,4056,Leicester,31,3,0,0,0,0.17,0.00
114262,Jannik Vestergaard,4056,Leicester,40,0,0,0,0,0.00,0.00
114263,Stephy Mavididi,4056,Leicester,40,0,0,0,0,0.00,0.00
114264,Conor Coady,4056,Leicester,3,0,0,0,0,0.00,0.00
114265,Oliver Skipp,4056,Leicester,9,0,0,0,0,0.00,0.00
114266,Mark Flekken,4056,Brentford,90,0,0,0,0,0.00,0.00
114267,Kristoffer Ajer,4056,Brentford,88,1,0,1,0,0.02,0.08
114268,Nathan Collins,4056,Brentford,90,0,0,0,0,0.00,0.00
114269,Ethan Pinnock,4056,Brentford,90,0,0,0,0,0.00,0.00
114270,Keane Lewis-Potter,4056,Brentford,90,0,0,3,0,0.00,0.26
114271,Christian Nørgaard,4056,Brentford,50,1,1,0,0,0.55,0.00
114272,Vitaly Janelt,4056,Brentford,77,0,0,0,0,0.00,0.00
114273,Bryan Mbeumo,4056,Brentford,90,4,1,2,1,0.42,0.66
114274,Mikkel Damsgaard,4056,Brentford,76,0,0,3,2,0.00,0.49
114275,Kevin Schade,4056,Brentford,90,2,0,0,0,0.18,0.00
114276,Yoane Wissa,4056,Brentford,90,3,1,0,0,0.63,0.00
114277,Fabio Carvalho,4056,Brentford,14,1,1,1,0,0.12,0.10
114278,Yunus Konak,4056,Brentford,1,0,0,0,0,0.00,0.00
114279,Paris Maghoma,4056,Brentford,13,1,0,0,0,0.04,0.00
114280,Yehor Yarmolyuk,4056,Brentford,40,1,0,1,0,0.11,0.27
114281,Michael Kayode,4056,Brentford,2,0,0,0,0,0.00,0.00
114282,Ederson,4057,Manchester City,90,0,0,0,0,0.00,0.00
114283,Rico Lewis,4057,Manchester City,90,1,0,0,0,0.00,0.00
114284,Nathan Aké,4057,Manchester City,79,0,0,1,0,0.00,0.00
114285,Abduqodir Khusanov,4057,Manchester City,90,0,0,1,0,0.00,0.00
114286,Josko Gvardiol,4057,Manchester City,90,0,0,2,0,0.00,0.00
114287,Nico González,4057,Manchester City,80,3,0,0,0,0.00,0.00
114288,Sávio,4057,Manchester City,90,1,0,4,0,0.00,0.00
114289,Kevin De Bruyne,4057,Manchester City,68,2,0,2,0,0.00,0.00
114290,Omar Marmoush,4057,Manchester City,79,4,0,1,0,0.00,0.00
114291,Jéremy Doku,4057,Manchester City,90,2,0,2,0,0.00,0.00
114292,Phil Foden,4057,Manchester City,90,3,0,0,0,0.00,0.00
114293,Mateo Kovacic,4057,Manchester City,10,0,0,0,0,0.00,0.00
114294,Ilkay Gündogan,4057,Manchester City,11,0,0,0,0,0.00,0.00
114295,Rúben Dias,4057,Manchester City,11,0,0,0,0,0.00,0.00
114296,James McAtee,4057,Manchester City,22,0,0,0,0,0.00,0.00
114297,Alisson,4057,Liverpool,90,0,0,0,0,0.00,0.00
114298,Trent Alexander-Arnold,4057,Liverpool,90,0,0,0,0,0.00,0.00
114299,Ibrahima Konaté,4057,Liverpool,90,1,0,0,0,0.00,0.00
114300,Virgil van Dijk,4057,Liverpool,90,0,0,0,0,0.00,0.00
114301,Andrew Robertson,4057,Liverpool,76,1,0,1,0,0.00,0.00
114302,Alexis Mac Allister,4057,Liverpool,90,0,0,1,0,0.00,0.00
114303,Ryan Gravenberch,4057,Liverpool,90,0,0,0,0,0.00,0.00
114304,Luis Díaz,4057,Liverpool,81,1,0,0,0,0.00,0.00
114305,Mohamed Salah,4057,Liverpool,90,2,1,3,1,0.00,0.00
114306,Dominik Szoboszlai,4057,Liverpool,90,3,1,1,1,0.00,0.00
114307,Curtis Jones,4057,Liverpool,76,0,0,0,0,0.00,0.00
114308,Konstantinos Tsimikas,4057,Liverpool,14,0,0,0,0,0.00,0.00
114309,Wataru Endo,4057,Liverpool,14,0,0,0,0,0.00,0.00
114310,Cody Gakpo,4057,Liverpool,9,0,0,0,0,0.00,0.00
114311,Jarell Quansah,4057,Liverpool,1,0,0,0,0,0.00,0.00
114312,Harvey Elliott,4057,Liverpool,1,0,0,0,0,0.00,0.00
114313,Nick Pope,4058,Newcastle United,90,0,0,0,0,0.00,0.00
114314,Valentino Livramento,4058,Newcastle United,90,0,0,2,0,0.00,0.62
114315,Fabian Schär,4058,Newcastle United,90,1,0,0,0,0.10,0.00
114316,Dan Burn,4058,Newcastle United,90,0,0,0,0,0.00,0.00
114317,Lewis Hall,4058,Newcastle United,90,0,0,3,1,0.00,0.24
114318,Bruno Guimarães,4058,Newcastle United,90,1,0,0,0,0.10,0.00
114319,Joe Willock,4058,Newcastle United,77,0,0,2,1,0.00,0.22
114320,Lewis Miley,4058,Newcastle United,90,2,1,1,0,0.11,0.09
114321,Jacob Murphy,4058,Newcastle United,77,2,1,0,0,1.44,0.00
114322,Alexander Isak,4058,Newcastle United,90,3,2,0,0,0.98,0.00
114323,Anthony Gordon,4058,Newcastle United,90,2,0,0,0,0.57,0.00
114324,Sandro Tonali,4058,Newcastle United,13,0,0,0,0,0.00,0.00
114325,Callum Wilson,4058,Newcastle United,1,1,0,0,0,0.11,0.00
114326,Harvey Barnes,4058,Newcastle United,13,1,0,0,0,0.09,0.00
114327,Matz Sels,4058,Nottingham Forest,90,0,0,0,0,0.00,0.00
114328,Ola Aina,4058,Nottingham Forest,90,1,0,1,0,0.01,0.06
114329,Murillo,4058,Nottingham Forest,90,1,0,0,0,0.08,0.00
114330,Nikola Milenkovic,4058,Nottingham Forest,90,2,1,0,0,0.61,0.00
114331,Neco Williams,4058,Nottingham Forest,90,0,0,1,0,0.00,0.65
114332,Nicolás Domínguez,4058,Nottingham Forest,83,0,0,1,0,0.00,0.05
114333,Elliot Anderson,4058,Nottingham Forest,84,3,0,1,0,0.14,0.01
114334,Anthony Elanga,4058,Nottingham Forest,90,1,0,2,0,0.65,0.10
114335,Morgan Gibbs-White,4058,Nottingham Forest,90,4,0,1,0,0.25,0.04
114336,Callum Hudson-Odoi,4058,Nottingham Forest,90,2,1,1,0,0.04,0.02
114337,Chris Wood,4058,Nottingham Forest,90,1,0,3,1,0.01,0.64
114338,Ryan Yates,4058,Nottingham Forest,7,2,1,0,0,0.65,0.00
114339,Ibrahim Sangare,4058,Nottingham Forest,6,0,0,0,0,0.00,0.00
114340,Aaron Ramsdale,4059,Southampton,90,0,0,0,0,0.00,0.00
114341,Joe Ayodele-Aribo,4059,Southampton,90,0,0,0,0,0.00,0.00
114342,Jan Bednarek,4059,Southampton,11,0,0,0,0,0.00,0.00
114343,James Bree,4059,Southampton,90,0,0,0,0,0.00,0.00
114344,Kyle Walker-Peters,4059,Southampton,90,0,0,0,0,0.00,0.00
114345,Welington,4059,Southampton,48,1,0,0,0,0.02,0.00
114346,Chimuanya Ugochukwu,4059,Southampton,74,0,0,1,0,0.00,0.03
114347,Mateus Fernandes,4059,Southampton,90,2,0,1,0,0.04,0.02
114348,Tyler Dibling,4059,Southampton,90,0,0,2,0,0.00,0.07
114349,Cameron Archer,4059,Southampton,74,1,0,0,0,0.02,0.00
114350,Kamaldeen Sulemana,4059,Southampton,90,1,0,1,0,0.03,0.02
114351,Albert Grønbæk,4059,Southampton,1,0,0,0,0,0.00,0.00
114352,Armel Bella Kotchap,4059,Southampton,79,0,0,0,0,0.00,0.00
114353,William Smallbone,4059,Southampton,16,0,0,0,0,0.00,0.00
114354,Yukinari Sugawara,4059,Southampton,42,1,0,0,0,0.04,0.00
114355,Paul Onuachu,4059,Southampton,16,0,0,0,0,0.00,0.00
114356,Bart Verbruggen,4059,Brighton,90,0,0,0,0,0.00,0.00
114357,Jack Hinshelwood,4059,Brighton,85,1,1,0,0,0.07,0.00
114358,Jan Paul van Hecke,4059,Brighton,90,1,0,1,0,0.15,0.46
114359,Adam Webster,4059,Brighton,90,0,0,0,0,0.00,0.00
114360,Tariq Lamptey,4059,Brighton,69,0,0,0,0,0.00,0.00
114361,Carlos Baleba,4059,Brighton,90,4,0,2,0,1.08,0.55
114362,Yasin Ayari,4059,Brighton,69,0,0,2,0,0.00,0.63
114363,Yankuba Minteh,4059,Brighton,90,4,0,1,1,1.33,0.49
114364,Georginio Rutter,4059,Brighton,81,3,1,1,0,1.14,0.01
114365,Kaoru Mitoma,4059,Brighton,81,2,1,0,0,0.97,0.00
114366,João Pedro,4059,Brighton,90,1,1,2,1,0.34,0.91
114367,Estupiñán,4059,Brighton,21,0,0,0,0,0.00,0.00
114368,Brajan Gruda,4059,Brighton,9,0,0,1,1,0.00,0.07
114369,Mats Wieffer,4059,Brighton,5,0,0,2,0,0.00,0.05
114370,Diego Gómez,4059,Brighton,21,0,0,1,0,0.00,0.76
114371,Simon Adingra,4059,Brighton,9,2,0,1,0,0.05,0.15
114372,Mark Flekken,4060,Brentford,90,0,0,0,0,0.00,0.00
114373,Kristoffer Ajer,4060,Brentford,86,1,0,0,0,0.04,0.00
114374,Nathan Collins,4060,Brentford,90,2,0,0,0,0.08,0.00
114375,Ethan Pinnock,4060,Brentford,90,0,0,0,0,0.00,0.00
114376,Keane Lewis-Potter,4060,Brentford,90,1,0,1,0,0.01,0.04
114377,Vitaly Janelt,4060,Brentford,90,1,0,0,0,0.08,0.00
114378,Yehor Yarmolyuk,4060,Brentford,90,0,0,1,0,0.00,0.04
114379,Bryan Mbeumo,4060,Brentford,90,2,0,0,0,0.52,0.00
114380,Mikkel Damsgaard,4060,Brentford,90,2,0,2,0,0.14,0.11
114381,Kevin Schade,4060,Brentford,81,0,0,3,0,0.00,0.53
114382,Yoane Wissa,4060,Brentford,90,3,1,0,0,0.85,0.00
114383,Michael Kayode,4060,Brentford,4,0,0,0,0,0.00,0.00
114384,Paris Maghoma,4060,Brentford,9,0,0,1,0,0.00,0.11
114385,Jordan Pickford,4060,Everton,90,0,0,0,0,0.00,0.00
114386,Jake O'Brien,4060,Everton,90,1,1,0,0,0.27,0.00
114387,Jarrad Branthwaite,4060,Everton,90,0,0,0,0,0.00,0.00
114388,James Tarkowski,4060,Everton,90,1,0,1,0,0.01,0.01
114389,Vitalii Mykolenko,4060,Everton,90,0,0,2,1,0.00,0.28
114390,Idrissa Gueye,4060,Everton,80,1,0,0,0,0.01,0.00
114391,James Garner,4060,Everton,90,2,0,1,0,0.04,0.02
114392,Jesper Lindstrom,4060,Everton,80,0,0,0,0,0.00,0.00
114393,Carlos Alcaraz,4060,Everton,90,5,0,3,0,0.18,0.42
114394,Jack Harrison,4060,Everton,90,1,0,3,0,0.11,0.11
114395,Beto,4060,Everton,90,3,0,0,0,0.83,0.00
114396,Tim Iroegbunam,4060,Everton,10,0,0,0,0,0.00,0.00
114397,Ashley Young,4060,Everton,10,0,0,0,0,0.00,0.00
114398,Bart Verbruggen,4061,Brighton,90,0,0,0,0,0.00,0.00
114399,Tariq Lamptey,4061,Brighton,90,0,0,1,0,0.00,0.36
114400,Jan Paul van Hecke,4061,Brighton,90,1,0,0,0,0.08,0.00
114401,Adam Webster,4061,Brighton,90,0,0,1,0,0.00,0.07
114402,Estupiñán,4061,Brighton,76,0,0,0,0,0.00,0.00
114403,Carlos Baleba,4061,Brighton,89,0,0,0,0,0.00,0.00
114404,Diego Gómez,4061,Brighton,76,1,0,1,0,0.04,0.35
114405,Yankuba Minteh,4061,Brighton,90,1,0,1,0,0.09,0.08
114406,Georginio Rutter,4061,Brighton,90,4,0,2,1,0.54,0.45
114407,Kaoru Mitoma,4061,Brighton,90,2,0,0,0,0.71,0.00
114408,João Pedro,4061,Brighton,76,1,1,0,0,0.76,0.00
114409,Mats Wieffer,4061,Brighton,1,0,0,0,0,0.00,0.00
114410,Yasin Ayari,4061,Brighton,14,0,0,0,0,0.00,0.00
114411,Jack Hinshelwood,4061,Brighton,14,0,0,0,0,0.00,0.00
114412,Danny Welbeck,4061,Brighton,14,1,1,0,0,0.35,0.00
114413,Solly March,4061,Brighton,1,0,0,0,0,0.00,0.00
114414,Kepa,4061,Bournemouth,90,1,0,0,0,0.07,0.00
114415,Lewis Cook,4061,Bournemouth,90,0,0,1,0,0.00,0.07
114416,Dean Huijsen,4061,Bournemouth,90,0,0,0,0,0.00,0.00
114417,James Hill,4061,Bournemouth,89,2,0,0,0,0.13,0.00
114418,Milos Kerkez,4061,Bournemouth,90,0,0,1,1,0.00,0.02
114419,Tyler Adams,4061,Bournemouth,90,0,0,0,0,0.00,0.00
114420,Ryan Christie,4061,Bournemouth,25,2,0,0,0,0.09,0.00
114421,David Brooks,4061,Bournemouth,50,1,0,0,0,0.04,0.00
114422,Justin Kluivert,4061,Bournemouth,90,3,1,6,0,0.08,0.34
114423,Antoine Semenyo,4061,Bournemouth,90,2,0,3,0,0.26,0.13
114424,Dango Ouattara,4061,Bournemouth,81,4,0,3,0,0.89,0.31
114425,Evanilson,4061,Bournemouth,9,0,0,0,0,0.00,0.00
114426,Luis Sinisterra,4061,Bournemouth,1,1,0,0,0,0.06,0.00
114427,Alex Scott,4061,Bournemouth,65,0,0,2,0,0.00,0.16
114428,Marcus Tavernier,4061,Bournemouth,40,3,0,1,0,0.12,0.04
114429,Matz Sels,4062,Nottingham Forest,90,0,0,0,0,0.00,0.00
114430,Ola Aina,4062,Nottingham Forest,90,0,0,0,0,0.00,0.00
114431,Murillo,4062,Nottingham Forest,90,0,0,0,0,0.00,0.00
114432,Nikola Milenkovic,4062,Nottingham Forest,90,0,0,0,0,0.00,0.00
114433,Neco Williams,4062,Nottingham Forest,90,1,0,0,0,0.09,0.00
114434,Nicolás Domínguez,4062,Nottingham Forest,64,1,0,0,0,0.02,0.00
114435,Elliot Anderson,4062,Nottingham Forest,90,0,0,0,0,0.00,0.00
114436,Anthony Elanga,4062,Nottingham Forest,63,0,0,0,0,0.00,0.00
114437,Morgan Gibbs-White,4062,Nottingham Forest,90,0,0,2,0,0.00,0.29
114438,Callum Hudson-Odoi,4062,Nottingham Forest,90,1,0,0,0,0.06,0.00
114439,Chris Wood,4062,Nottingham Forest,86,2,0,0,0,0.29,0.00
114440,Taiwo Awoniyi,4062,Nottingham Forest,4,0,0,0,0,0.00,0.00
114441,Ryan Yates,4062,Nottingham Forest,27,1,0,2,0,0.06,0.14
114442,Danilo,4062,Nottingham Forest,26,0,0,0,0,0.00,0.00
114443,David Raya,4062,Arsenal,90,0,0,0,0,0.00,0.00
114444,Jurriën Timber,4062,Arsenal,86,0,0,0,0,0.00,0.00
114445,Gabriel,4062,Arsenal,90,0,0,0,0,0.00,0.00
114446,William Saliba,4062,Arsenal,90,1,0,0,0,0.14,0.00
114447,Riccardo Calafiori,4062,Arsenal,47,1,0,1,0,0.06,0.11
114448,Jorginho,4062,Arsenal,71,0,0,0,0,0.00,0.00
114449,Martin Odegaard,4062,Arsenal,86,0,0,1,0,0.00,0.48
114450,Declan Rice,4062,Arsenal,90,2,0,3,0,0.12,0.29
114451,Ethan Nwaneri,4062,Arsenal,78,3,0,0,0,0.16,0.00
114452,Mikel Merino,4062,Arsenal,90,2,0,2,0,0.26,0.18
114453,Leandro Trossard,4062,Arsenal,90,2,0,4,0,0.07,0.20
114454,Thomas Partey,4062,Arsenal,4,1,0,0,0,0.04,0.00
114455,Oleksandr Zinchenko,4062,Arsenal,19,0,0,0,0,0.00,0.00
114456,Ben White,4062,Arsenal,4,0,0,0,0,0.00,0.00
114457,Raheem Sterling,4062,Arsenal,12,0,0,0,0,0.00,0.00
114458,Kieran Tierney,4062,Arsenal,43,1,0,1,0,0.48,0.03
114459,Guglielmo Vicario,4063,Tottenham,90,0,0,0,0,0.00,0.00
114460,Pedro Porro,4063,Tottenham,90,0,0,4,0,0.00,0.54
114461,Kevin Danso,4063,Tottenham,90,2,0,0,0,0.08,0.00
114462,Archie Gray,4063,Tottenham,90,0,0,0,0,0.00,0.00
114463,Iyenoma Destiny Udogie,4063,Tottenham,68,0,0,0,0,0.00,0.00
114464,Lucas Bergvall,4063,Tottenham,90,0,0,0,0,0.00,0.00
114465,Rodrigo Bentancur,4063,Tottenham,68,2,0,0,0,0.13,0.00
114466,James Maddison,4063,Tottenham,83,0,0,4,0,0.00,0.33
114467,Brennan Johnson,4063,Tottenham,90,1,0,1,0,0.12,0.09
114468,Mathys Tel,4063,Tottenham,67,1,0,0,0,0.05,0.00
114469,Wilson Odobert,4063,Tottenham,68,2,0,0,0,0.49,0.00
114470,Timo Werner,4063,Tottenham,7,0,0,0,0,0.00,0.00
114471,Pape Sarr,4063,Tottenham,22,2,0,0,0,0.33,0.00
114472,Dejan Kulusevski,4063,Tottenham,23,0,0,0,0,0.00,0.00
114473,Djed Spence,4063,Tottenham,22,0,0,1,0,0.00,0.09
114474,Son Heung-Min,4063,Tottenham,22,1,0,1,0,0.09,0.24
114475,Ederson,4063,Manchester City,90,0,0,0,0,0.00,0.00
114476,Matheus Nunes,4063,Manchester City,90,0,0,1,0,0.00,0.47
114477,Rúben Dias,4063,Manchester City,90,0,0,0,0,0.00,0.00
114478,Abduqodir Khusanov,4063,Manchester City,90,0,0,1,0,0.00,0.09
114479,Josko Gvardiol,4063,Manchester City,90,0,0,1,0,0.00,0.07
114480,Mateo Kovacic,4063,Manchester City,90,0,0,0,0,0.00,0.00
114481,Nico González,4063,Manchester City,75,0,0,1,0,0.00,0.08
114482,Sávio,4063,Manchester City,90,6,0,0,0,0.60,0.00
114483,Omar Marmoush,4063,Manchester City,75,1,0,1,0,0.05,0.04
114484,Jéremy Doku,4063,Manchester City,90,2,0,2,0,0.14,0.87
114485,Erling Haaland,4063,Manchester City,90,3,1,1,0,1.60,0.07
114486,Ilkay Gündogan,4063,Manchester City,1,0,0,0,0,0.00,0.00
114487,Bernardo Silva,4063,Manchester City,15,0,0,0,0,0.00,0.00
114488,James McAtee,4063,Manchester City,1,0,0,0,0,0.00,0.00
114489,Phil Foden,4063,Manchester City,15,0,0,0,0,0.00,0.00
114490,Jack Grealish,4063,Manchester City,1,0,0,0,0,0.00,0.00
114491,Alphonse Areola,4064,West Ham,90,0,0,0,0,0.00,0.00
114492,Jean-Clair Todibo,4064,West Ham,67,0,0,0,0,0.00,0.00
114493,Aaron Cresswell,4064,West Ham,90,0,0,2,0,0.00,1.17
114494,Max Kilman,4064,West Ham,90,1,0,0,0,0.03,0.00
114495,Aaron Wan-Bissaka,4064,West Ham,90,0,0,1,0,0.00,0.03
114496,Oliver Scarles,4064,West Ham,67,1,0,0,0,0.03,0.00
114497,Tomas Soucek,4064,West Ham,90,1,1,0,0,0.60,0.00
114498,Edson Álvarez,4064,West Ham,67,0,0,1,0,0.00,0.03
114499,James Ward-Prowse,4064,West Ham,90,0,0,1,0,0.00,0.05
114500,Mohammed Kudus,4064,West Ham,74,1,0,0,0,0.61,0.00
114501,Jarrod Bowen,4064,West Ham,90,2,0,1,0,0.11,0.13
114502,Konstantinos Mavropanos,4064,West Ham,23,1,0,0,0,0.56,0.00
114503,Evan Ferguson,4064,West Ham,16,1,0,0,0,0.13,0.00
114504,Emerson,4064,West Ham,23,0,0,0,0,0.00,0.00
114505,Carlos Soler,4064,West Ham,23,0,0,0,0,0.00,0.00
114506,Andy Irving,4064,West Ham,1,0,0,0,0,0.00,0.00
114507,Mads Hermansen,4064,Leicester,90,0,0,0,0,0.00,0.00
114508,James Justin,4064,Leicester,90,2,0,0,0,0.07,0.00
114509,Wout Faes,4064,Leicester,90,1,0,0,0,0.01,0.00
114510,Jannik Vestergaard,4064,Leicester,88,1,0,1,0,0.04,0.03
114511,Victor Kristiansen,4064,Leicester,88,1,0,0,0,0.03,0.00
114512,Boubakary Soumare,4064,Leicester,62,0,0,0,0,0.00,0.00
114513,Wilfred Ndidi,4064,Leicester,90,3,0,0,0,0.08,0.00
114514,Facundo Buonanotte,4064,Leicester,90,0,0,0,0,0.00,0.00
114515,Bilal El Khannouss,4064,Leicester,90,1,0,2,0,0.02,0.04
114516,Bobby Reid,4064,Leicester,62,0,0,0,0,0.00,0.00
114517,Jamie Vardy,4064,Leicester,90,0,0,1,0,0.00,0.05
114518,Patson Daka,4064,Leicester,2,0,0,0,0,0.00,0.00
114519,Stephy Mavididi,4064,Leicester,28,1,0,1,0,0.05,0.04
114520,Harry Winks,4064,Leicester,28,0,0,0,0,0.00,0.00
114521,Luke Thomas,4064,Leicester,2,0,0,0,0,0.00,0.00
114522,José Sá,4065,Wolverhampton Wanderers,90,0,0,0,0,0.00,0.00
114523,Matt Doherty,4065,Wolverhampton Wanderers,90,1,0,0,0,0.08,0.00
114524,Toti,4065,Wolverhampton Wanderers,90,0,0,1,0,0.00,0.04
114525,Santiago Bueno,4065,Wolverhampton Wanderers,79,0,0,0,0,0.00,0.00
114526,Nélson Semedo,4065,Wolverhampton Wanderers,90,0,0,3,1,0.00,0.13
114527,Rayan Ait Nouri,4065,Wolverhampton Wanderers,90,1,0,1,0,0.06,0.04
114528,André,4065,Wolverhampton Wanderers,79,1,0,0,0,0.02,0.00
114529,Jean-Ricner Bellegarde,4065,Wolverhampton Wanderers,67,3,0,1,0,0.11,0.12
114530,Matheus Cunha,4065,Wolverhampton Wanderers,90,6,0,1,0,0.30,0.01
114531,João Gomes,4065,Wolverhampton Wanderers,90,4,1,1,0,0.20,0.10
114532,Marshall Munetsi,4065,Wolverhampton Wanderers,90,2,0,1,0,0.16,0.04
114533,Jørgen Strand Larsen,4065,Wolverhampton Wanderers,23,0,0,0,0,0.00,0.00
114534,Pablo Sarabia,4065,Wolverhampton Wanderers,11,0,0,1,0,0.00,0.07
114535,Tommy Doyle,4065,Wolverhampton Wanderers,11,0,0,0,0,0.00,0.00
114536,Bernd Leno,4065,Fulham,90,0,0,0,0,0.00,0.00
114537,Joachim Andersen,4065,Fulham,90,0,0,0,0,0.00,0.00
114538,Issa Diop,4065,Fulham,90,0,0,0,0,0.00,0.00
114539,Jorge Cuenca,4065,Fulham,78,0,0,0,0,0.00,0.00
114540,Timothy Castagne,4065,Fulham,90,0,0,1,0,0.00,0.04
114541,Ryan Sessegnon,4065,Fulham,74,2,1,1,0,0.33,0.14
114542,Sander Berge,4065,Fulham,90,0,0,0,0,0.00,0.00
114543,Sasa Lukic,4065,Fulham,69,0,0,0,0,0.00,0.00
114544,Andreas Pereira,4065,Fulham,90,1,0,3,1,0.12,0.37
114545,Adama Traoré,4065,Fulham,69,1,0,2,1,0.05,0.32
114546,Rodrigo Muniz,4065,Fulham,74,3,1,0,0,0.46,0.00
114547,Willian,4065,Fulham,21,0,0,0,0,0.00,0.00
114548,Raúl Jiménez,4065,Fulham,16,3,0,0,0,0.39,0.00
114549,Alex Iwobi,4065,Fulham,21,1,0,1,0,0.09,0.12
114550,Calvin Bassey,4065,Fulham,12,0,0,0,0,0.00,0.00
114551,Antonee Robinson,4065,Fulham,16,0,0,2,0,0.00,0.34
114552,Dean Henderson,4066,Crystal Palace,90,0,0,0,0,0.00,0.00
114553,Maxence Lacroix,4066,Crystal Palace,90,1,0,0,0,0.02,0.00
114554,Chris Richards,4066,Crystal Palace,90,1,0,0,0,0.02,0.00
114555,Marc Guehi,4066,Crystal Palace,90,0,0,0,0,0.00,0.00
114556,Daniel Muñoz,4066,Crystal Palace,90,1,0,1,1,0.07,0.11
114557,Tyrick Mitchell,4066,Crystal Palace,90,2,0,1,1,0.52,0.97
114558,Will Hughes,4066,Crystal Palace,62,1,0,0,0,0.03,0.00
114559,Adam Wharton,4066,Crystal Palace,82,1,0,3,0,0.06,0.10
114560,Ismaila Sarr,4066,Crystal Palace,90,4,2,4,0,2.00,0.53
114561,Eberechi Eze,4066,Crystal Palace,90,4,0,3,1,0.27,0.72
114562,Jean-Philippe Mateta,4066,Crystal Palace,90,2,1,2,0,0.41,0.54
114563,Jefferson Lerma,4066,Crystal Palace,28,1,0,0,0,0.04,0.00
114564,Daichi Kamada,4066,Crystal Palace,8,0,0,0,0,0.00,0.00
114565,Eddie Nketiah,4066,Crystal Palace,1,1,1,0,0,0.97,0.00
114566,Emiliano Martinez,4066,Aston Villa,50,0,0,0,0,0.00,0.00
114567,Axel Disasi,4066,Aston Villa,90,1,0,0,0,0.04,0.00
114568,Lamare Bogarde,4066,Aston Villa,90,0,0,0,0,0.00,0.00
114569,Ezri Konsa Ngoyo,4066,Aston Villa,90,1,0,0,0,0.01,0.00
114570,Andrés García,4066,Aston Villa,50,0,0,1,0,0.00,0.16
114571,Lucas Digne,4066,Aston Villa,82,0,0,1,0,0.00,0.01
114572,Youri Tielemans,4066,Aston Villa,90,2,0,0,0,0.17,0.00
114573,John McGinn,4066,Aston Villa,90,0,0,1,0,0.00,0.06
114574,Morgan Rogers,4066,Aston Villa,90,1,1,0,0,0.38,0.00
114575,Ollie Watkins,4066,Aston Villa,72,0,0,1,1,0.00,0.38
114576,Jacob Ramsey,4066,Aston Villa,72,0,0,0,0,0.00,0.00
114577,Leon Bailey,4066,Aston Villa,40,1,0,0,0,0.06,0.00
114578,Ian Maatsen,4066,Aston Villa,8,0,0,0,0,0.00,0.00
114579,Marco Asensio,4066,Aston Villa,18,0,0,1,0,0.00,0.02
114580,Robin Olsen,4066,Aston Villa,40,0,0,0,0,0.00,0.00
114581,Marcus Rashford,4066,Aston Villa,18,0,0,0,0,0.00,0.00
114582,Filip Jorgensen,4067,Chelsea,90,0,0,0,0,0.00,0.00
114583,Malo Gusto,4067,Chelsea,90,0,0,0,0,0.00,0.00
114584,Tosin Adarabioyo,4067,Chelsea,90,1,0,1,1,0.02,0.32
114585,Levi Colwill,4067,Chelsea,90,1,1,1,0,0.26,0.06
114586,Marc Cucurella,4067,Chelsea,90,1,1,0,0,0.47,0.00
114587,Enzo Fernández,4067,Chelsea,90,1,0,6,0,0.07,1.02
114588,Moisés Caicedo,4067,Chelsea,85,1,0,0,0,0.02,0.00
114589,Jadon Sancho,4067,Chelsea,70,0,0,2,0,0.00,0.37
114590,Cole Palmer,4067,Chelsea,90,7,0,1,0,1.13,0.03
114591,Christopher Nkunku,4067,Chelsea,85,4,1,2,1,0.67,0.23
114592,Pedro Neto,4067,Chelsea,70,1,1,1,1,0.10,0.26
114593,Mathis Amougou,4067,Chelsea,5,0,0,0,0,0.00,0.00
114594,Kiernan Dewsbury-Hall,4067,Chelsea,20,0,0,0,0,0.00,0.00
114595,Tyrique George,4067,Chelsea,20,1,0,3,1,0.22,0.63
114596,Shumaira Mheuka,4067,Chelsea,1,1,0,0,0,0.03,0.00
114597,Josh Acheampong,4067,Chelsea,5,0,0,0,0,0.00,0.00
114598,Aaron Ramsdale,4067,Southampton,90,0,0,0,0,0.00,0.00
114599,Yukinari Sugawara,4067,Southampton,90,0,0,0,0,0.00,0.00
114600,Armel Bella Kotchap,4067,Southampton,90,1,0,0,0,0.27,0.00
114601,Joe Ayodele-Aribo,4067,Southampton,90,0,0,0,0,0.00,0.00
114602,James Bree,4067,Southampton,48,0,0,0,0,0.00,0.00
114603,Kyle Walker-Peters,4067,Southampton,61,0,0,0,0,0.00,0.00
114604,Mateus Fernandes,4067,Southampton,90,1,0,0,0,0.01,0.00
114605,William Smallbone,4067,Southampton,90,0,0,3,0,0.00,0.09
114606,Flynn Downes,4067,Southampton,85,0,0,0,0,0.00,0.00
114607,Kamaldeen Sulemana,4067,Southampton,90,0,0,2,0,0.00,0.48
114608,Paul Onuachu,4067,Southampton,61,3,0,0,0,0.45,0.00
114609,Welington,4067,Southampton,1,0,0,0,0,0.00,0.00
114610,Ryan Manning,4067,Southampton,29,2,0,1,0,0.11,0.27
114611,Cameron Archer,4067,Southampton,5,0,0,0,0,0.00,0.00
114612,Taylor Harwood-Bellis,4067,Southampton,42,0,0,0,0,0.00,0.00
114613,Tyler Dibling,4067,Southampton,29,0,0,0,0,0.00,0.00
114614,Alisson,4068,Liverpool,90,0,0,0,0,0.00,0.00
114615,Trent Alexander-Arnold,4068,Liverpool,77,0,0,0,0,0.00,0.00
114616,Ibrahima Konaté,4068,Liverpool,90,0,0,0,0,0.00,0.00
114617,Virgil van Dijk,4068,Liverpool,90,0,0,0,0,0.00,0.00
114618,Konstantinos Tsimikas,4068,Liverpool,90,1,0,0,0,0.06,0.00
114619,Alexis Mac Allister,4068,Liverpool,87,2,1,0,0,0.17,0.00
114620,Ryan Gravenberch,4068,Liverpool,77,0,0,0,0,0.00,0.00
114621,Mohamed Salah,4068,Liverpool,90,3,0,3,1,0.22,0.77
114622,Dominik Szoboszlai,4068,Liverpool,90,3,1,2,0,0.20,0.18
114623,Luis Díaz,4068,Liverpool,87,1,0,5,1,0.50,0.36
114624,Diogo Jota,4068,Liverpool,62,0,0,1,0,0.00,0.07
114625,Wataru Endo,4068,Liverpool,13,0,0,0,0,0.00,0.00
114626,Cody Gakpo,4068,Liverpool,28,2,0,0,0,0.25,0.00
114627,Darwin Núñez,4068,Liverpool,3,0,0,0,0,0.00,0.00
114628,Jarell Quansah,4068,Liverpool,13,0,0,0,0,0.00,0.00
114629,Curtis Jones,4068,Liverpool,3,0,0,1,0,0.00,0.02
114630,Nick Pope,4068,Newcastle United,90,0,0,0,0,0.00,0.00
114631,Valentino Livramento,4068,Newcastle United,69,0,0,0,0,0.00,0.00
114632,Fabian Schär,4068,Newcastle United,90,0,0,0,0,0.00,0.00
114633,Dan Burn,4068,Newcastle United,90,0,0,1,0,0.00,0.38
114634,Lewis Hall,4068,Newcastle United,90,0,0,0,0,0.00,0.00
114635,Bruno Guimarães,4068,Newcastle United,88,0,0,0,0,0.00,0.00
114636,Sandro Tonali,4068,Newcastle United,69,0,0,0,0,0.00,0.00
114637,Jacob Murphy,4068,Newcastle United,90,0,0,0,0,0.00,0.00
114638,Anthony Gordon,4068,Newcastle United,90,1,0,0,0,0.05,0.00
114639,Joe Willock,4068,Newcastle United,68,0,0,0,0,0.00,0.00
114640,Callum Wilson,4068,Newcastle United,69,2,0,0,0,0.41,0.00
114641,William Osula,4068,Newcastle United,21,0,0,0,0,0.00,0.00
114642,Kieran Trippier,4068,Newcastle United,21,0,0,0,0,0.00,0.00
114643,Harvey Barnes,4068,Newcastle United,22,0,0,0,0,0.00,0.00
114644,Sean Longstaff,4068,Newcastle United,2,0,0,0,0,0.00,0.00
114645,Lewis Miley,4068,Newcastle United,21,0,0,0,0,0.00,0.00
114646,André Onana,4069,Manchester United,90,0,0,0,0,0.00,0.00
114647,Leny Yoro,4069,Manchester United,90,0,0,0,0,0.00,0.00
114648,Matthijs de Ligt,4069,Manchester United,90,1,1,0,0,0.76,0.00
114649,Harry Maguire,4069,Manchester United,90,3,1,0,0,0.42,0.00
114650,Diogo Dalot,4069,Manchester United,90,2,0,0,0,0.19,0.00
114651,Patrick Dorgu,4069,Manchester United,42,1,0,0,0,0.06,0.00
114652,Bruno Fernandes,4069,Manchester United,90,0,0,4,1,0.00,0.50
114653,Manuel Ugarte,4069,Manchester United,90,0,0,1,0,0.00,0.05
114654,Alejandro Garnacho,4069,Manchester United,44,1,0,1,0,0.07,0.06
114655,Joshua Zirkzee,4069,Manchester United,90,1,0,0,0,0.05,0.00
114656,Rasmus Højlund,4069,Manchester United,71,0,0,0,0,0.00,0.00
114657,Casemiro,4069,Manchester United,19,1,0,0,0,0.02,0.00
114658,Christian Eriksen,4069,Manchester United,1,0,0,0,0,0.00,0.00
114659,Noussair Mazraoui,4069,Manchester United,46,0,0,0,0,0.00,0.00
114660,Victor Lindelöf,4069,Manchester United,1,0,0,0,0,0.00,0.00
114661,Alex Palmer,4069,Ipswich,90,0,0,0,0,0.00,0.00
114662,Dara O'Shea,4069,Ipswich,90,0,0,1,0,0.00,0.03
114663,Jacob Greaves,4069,Ipswich,90,0,0,0,0,0.00,0.00
114664,Axel Tuanzebe,4069,Ipswich,85,1,0,1,1,0.02,0.01
114665,Jaden Philogene-Bidace,4069,Ipswich,90,4,2,2,0,0.68,0.10
114666,Leif Davis,4069,Ipswich,84,0,0,2,0,0.00,0.08
114667,Sam Morsy,4069,Ipswich,70,0,0,0,0,0.00,0.00
114668,Jens Cajuste,4069,Ipswich,90,2,0,0,0,0.09,0.00
114669,Omari Hutchinson,4069,Ipswich,70,0,0,0,0,0.00,0.00
114670,Jack Clarke,4069,Ipswich,90,0,0,2,0,0.00,0.10
114671,Liam Delap,4069,Ipswich,90,3,0,0,0,0.18,0.00
114672,Sammie Szmodics,4069,Ipswich,1,0,0,0,0,0.00,0.00
114673,George Hirst,4069,Ipswich,6,1,0,0,0,0.05,0.00
114674,Jack Taylor,4069,Ipswich,20,1,0,0,0,0.03,0.00
114675,Ben Johnson,4069,Ipswich,5,0,0,0,0,0.00,0.00
114676,Nathan Broadhead,4069,Ipswich,20,0,0,0,0,0.00,0.00
114677,Jordan Pickford,4070,Everton,90,0,0,0,0,0.00,0.00
114678,Jake O'Brien,4070,Everton,90,0,0,0,0,0.00,0.00
114679,James Tarkowski,4070,Everton,90,1,1,1,0,0.08,0.06
114680,Jarrad Branthwaite,4070,Everton,90,0,0,1,1,0.00,0.36
114681,Vitalii Mykolenko,4070,Everton,90,0,0,0,0,0.00,0.00
114682,Idrissa Gueye,4070,Everton,82,0,0,1,0,0.00,0.05
114683,James Garner,4070,Everton,90,0,0,0,0,0.00,0.00
114684,Jesper Lindstrom,4070,Everton,82,0,0,0,0,0.00,0.00
114685,Abdoulaye Doucouré,4070,Everton,90,2,0,2,0,0.12,0.05
114686,Iliman Ndiaye,4070,Everton,24,0,0,0,0,0.00,0.00
114687,Beto,4070,Everton,90,4,1,2,0,0.52,0.18
114688,Ashley Young,4070,Everton,1,0,0,0,0,0.00,0.00
114689,Jack Harrison,4070,Everton,66,2,0,1,0,0.18,0.12
114690,Tim Iroegbunam,4070,Everton,8,1,0,1,1,0.01,0.08
114691,Carlos Alcaraz,4070,Everton,8,0,0,0,0,0.00,0.00
114692,Alisson,4070,Liverpool,90,0,0,0,0,0.00,0.00
114693,Conor Bradley,4070,Liverpool,66,0,0,0,0,0.00,0.00
114694,Ibrahima Konaté,4070,Liverpool,90,0,0,0,0,0.00,0.00
114695,Virgil van Dijk,4070,Liverpool,90,0,0,0,0,0.00,0.00
114696,Andrew Robertson,4070,Liverpool,74,0,0,0,0,0.00,0.00
114697,Alexis Mac Allister,4070,Liverpool,90,1,1,0,0,0.33,0.00
114698,Ryan Gravenberch,4070,Liverpool,66,0,0,0,0,0.00,0.00
114699,Mohamed Salah,4070,Liverpool,90,2,1,2,1,0.46,0.38
114700,Dominik Szoboszlai,4070,Liverpool,90,1,0,0,0,0.04,0.00
114701,Cody Gakpo,4070,Liverpool,74,0,0,1,0,0.00,0.04
114702,Luis Díaz,4070,Liverpool,90,1,0,0,0,0.05,0.00
114703,Konstantinos Tsimikas,4070,Liverpool,16,0,0,0,0,0.00,0.00
114704,Diogo Jota,4070,Liverpool,1,0,0,1,0,0.00,0.06
114705,Darwin Núñez,4070,Liverpool,16,0,0,1,0,0.00,0.09
114706,Trent Alexander-Arnold,4070,Liverpool,24,0,0,0,0,0.00,0.00
114707,Curtis Jones,4070,Liverpool,24,1,0,0,0,0.09,0.00
114708,Emiliano Martinez,4071,Aston Villa,90,0,0,0,0,0.00,0.00
114709,Andrés García,4071,Aston Villa,70,0,0,0,0,0.00,0.00
114710,Axel Disasi,4071,Aston Villa,90,0,0,0,0,0.00,0.00
114711,Tyrone Mings,4071,Aston Villa,90,1,0,0,0,0.07,0.00
114712,Lucas Digne,4071,Aston Villa,81,0,0,2,1,0.00,0.42
114713,Youri Tielemans,4071,Aston Villa,90,2,1,0,0,0.43,0.00
114714,John McGinn,4071,Aston Villa,89,0,0,1,0,0.00,0.07
114715,Morgan Rogers,4071,Aston Villa,90,1,0,0,0,0.05,0.00
114716,Marco Asensio,4071,Aston Villa,70,0,0,0,0,0.00,0.00
114717,Marcus Rashford,4071,Aston Villa,70,1,0,0,0,0.08,0.00
114718,Ollie Watkins,4071,Aston Villa,90,1,1,0,0,0.34,0.00
114719,Donyell Malen,4071,Aston Villa,20,2,0,0,0,0.07,0.00
114720,Ian Maatsen,4071,Aston Villa,9,0,0,0,0,0.00,0.00
114721,Lamare Bogarde,4071,Aston Villa,1,0,0,0,0,0.00,0.00
114722,Matthew Cash,4071,Aston Villa,20,1,0,1,0,0.01,0.02
114723,Jacob Ramsey,4071,Aston Villa,20,0,0,1,0,0.00,0.05
114724,Alisson,4071,Liverpool,90,0,0,0,0,0.00,0.00
114725,Trent Alexander-Arnold,4071,Liverpool,69,1,1,4,0,0.09,0.17
114726,Ibrahima Konaté,4071,Liverpool,90,0,0,1,0,0.00,0.06
114727,Virgil van Dijk,4071,Liverpool,90,1,0,0,0,0.03,0.00
114728,Andrew Robertson,4071,Liverpool,90,1,0,4,0,0.10,0.46
114729,Alexis Mac Allister,4071,Liverpool,84,1,0,0,0,0.04,0.00
114730,Ryan Gravenberch,4071,Liverpool,90,0,0,1,0,0.00,0.05
114731,Mohamed Salah,4071,Liverpool,90,2,1,2,1,0.57,0.14
114732,Dominik Szoboszlai,4071,Liverpool,90,3,0,3,0,0.22,0.52
114733,Curtis Jones,4071,Liverpool,90,1,0,0,0,0.04,0.00
114734,Diogo Jota,4071,Liverpool,69,6,0,1,1,0.57,0.53
114735,Luis Díaz,4071,Liverpool,6,0,0,0,0,0.00,0.00
114736,Darwin Núñez,4071,Liverpool,21,1,0,0,0,0.38,0.00
114737,Jarell Quansah,4071,Liverpool,1,0,0,0,0,0.00,0.00
114738,Conor Bradley,4071,Liverpool,21,0,0,0,0,0.00,0.00
